Started by user admin
Obtained Jenkinsfile from git https://github.com/sayaksatpathi/Jenkins-DevSecOps-Pipeline
[Pipeline] Start of Pipeline
[Pipeline] node
Running on Jenkins in /var/jenkins_home/workspace/jenkinsforge
[Pipeline] {
[Pipeline] stage
[Pipeline] { (Declarative: Checkout SCM)
[Pipeline] checkout
Selected Git installation does not exist. Using Default
The recommended git tool is: NONE
No credentials specified
Cloning the remote Git repository
Cloning repository https://github.com/sayaksatpathi/Jenkins-DevSecOps-Pipeline
 > git init /var/jenkins_home/workspace/jenkinsforge # timeout=10
Fetching upstream changes from https://github.com/sayaksatpathi/Jenkins-DevSecOps-Pipeline
 > git --version # timeout=10
 > git --version # 'git version 2.47.3'
 > git fetch --tags --force --progress -- https://github.com/sayaksatpathi/Jenkins-DevSecOps-Pipeline +refs/heads/*:refs/remotes/origin/* # timeout=10
 > git config remote.origin.url https://github.com/sayaksatpathi/Jenkins-DevSecOps-Pipeline # timeout=10
 > git config --add remote.origin.fetch +refs/heads/*:refs/remotes/origin/* # timeout=10
Avoid second fetch
 > git rev-parse refs/remotes/origin/main^{commit} # timeout=10
Checking out Revision 7e9e0a744dbc05ca41179db9f87bd74da073ed79 (refs/remotes/origin/main)
 > git config core.sparsecheckout # timeout=10
 > git checkout -f 7e9e0a744dbc05ca41179db9f87bd74da073ed79 # timeout=10
Commit message: "fix: stop Jenkins script console from echoing the stored AWS secret"
 > git rev-list --no-walk 8054479900d24736f190445a2c6ae5c93b278029 # timeout=10
[Pipeline] }
[Pipeline] // stage
[Pipeline] withEnv
[Pipeline] {
[Pipeline] withCredentials
Masking supported pattern matches of $ECR_REGISTRY or $DEPLOY_HOST
[Pipeline] {
[Pipeline] withEnv
[Pipeline] {
[Pipeline] timestamps
[Pipeline] {
[Pipeline] timeout
[2026-10-05T09:42:59.721Z] Timeout set to expire in 45 min
[Pipeline] {
[Pipeline] stage
[Pipeline] { (Checkout)
[Pipeline] checkout
[2026-10-05T09:42:59.849Z] Selected Git installation does not exist. Using Default
[2026-10-05T09:42:59.849Z] The recommended git tool is: NONE
[2026-10-05T09:42:59.849Z] No credentials specified
[2026-10-05T09:42:59.850Z]  > git rev-parse --resolve-git-dir /var/jenkins_home/workspace/jenkinsforge/.git # timeout=10
[2026-10-05T09:42:59.854Z] Fetching changes from the remote Git repository
[2026-10-05T09:42:59.857Z]  > git config remote.origin.url https://github.com/sayaksatpathi/Jenkins-DevSecOps-Pipeline # timeout=10
[2026-10-05T09:42:59.862Z] Fetching upstream changes from https://github.com/sayaksatpathi/Jenkins-DevSecOps-Pipeline
[2026-10-05T09:42:59.862Z]  > git --version # timeout=10
[2026-10-05T09:42:59.867Z]  > git --version # 'git version 2.47.3'
[2026-10-05T09:42:59.867Z]  > git fetch --tags --force --progress -- https://github.com/sayaksatpathi/Jenkins-DevSecOps-Pipeline +refs/heads/*:refs/remotes/origin/* # timeout=10
[2026-10-05T09:43:00.869Z]  > git rev-parse refs/remotes/origin/main^{commit} # timeout=10
[2026-10-05T09:43:00.874Z] Checking out Revision 7e9e0a744dbc05ca41179db9f87bd74da073ed79 (refs/remotes/origin/main)
[2026-10-05T09:43:00.874Z]  > git config core.sparsecheckout # timeout=10
[2026-10-05T09:43:00.880Z]  > git checkout -f 7e9e0a744dbc05ca41179db9f87bd74da073ed79 # timeout=10
[2026-10-05T09:43:00.889Z] Commit message: "fix: stop Jenkins script console from echoing the stored AWS secret"
[Pipeline] script
[Pipeline] {
[Pipeline] sh
[2026-10-05T09:43:01.274Z] + git rev-parse --short HEAD
[Pipeline] echo
[2026-10-05T09:43:01.408Z] Warning: A secret was passed to "echo" using Groovy String interpolation, which is insecure.
[2026-10-05T09:43:01.409Z] 		 Affected argument(s) used the following variable(s): [ECR_REGISTRY]
[2026-10-05T09:43:01.409Z] 		 See https://jenkins.io/redirect/groovy-string-interpolation for details.
[2026-10-05T09:43:01.409Z] 
[2026-10-05T09:43:01.409Z] ╔══════════════════════════════════════╗
[2026-10-05T09:43:01.409Z] ║      JenkinsForge Pipeline Start     ║
[2026-10-05T09:43:01.409Z] ╠══════════════════════════════════════╣
[2026-10-05T09:43:01.409Z] ║ App:    jenkinsforge
[2026-10-05T09:43:01.410Z] ║ Branch: unknown
[2026-10-05T09:43:01.410Z] ║ Commit: 7e9e0a744dbc05ca41179db9f87bd74da073ed79
[2026-10-05T09:43:01.410Z] ║ Tag:    7e9e0a7
[2026-10-05T09:43:01.410Z] ║ Build:  13
[2026-10-05T09:43:01.410Z] ║ Image:  ****/jenkinsforge:7e9e0a7
[2026-10-05T09:43:01.410Z] ╚══════════════════════════════════════╝
[2026-10-05T09:43:01.410Z] 
[Pipeline] }
[Pipeline] // script
[Pipeline] }
[Pipeline] // stage
[Pipeline] stage
[Pipeline] { (Unit Test)
[Pipeline] getContext
[Pipeline] isUnix
[Pipeline] withEnv
[Pipeline] {
[Pipeline] sh
[2026-10-05T09:43:02.154Z] + docker inspect -f . python:3.12-slim
[2026-10-05T09:43:02.154Z] .
[Pipeline] }
[Pipeline] // withEnv
[Pipeline] withDockerContainer
[2026-10-05T09:43:02.261Z] Jenkins seems to be running inside container ff6581a3f9397b0dfd2f7308504b1b67f2e234d728771d73e8aa5a513f408488
[2026-10-05T09:43:02.296Z] $ docker run -t -d -u 1000:1000 --user root --network host -w /var/jenkins_home/workspace/jenkinsforge --volumes-from ff6581a3f9397b0dfd2f7308504b1b67f2e234d728771d73e8aa5a513f408488 -e ******** -e ******** -e ******** -e ******** -e ******** -e ******** -e ******** -e ******** -e ******** -e ******** -e ******** -e ******** -e ******** -e ******** -e ******** -e ******** -e ******** -e ******** -e ******** -e ******** -e ******** -e ******** -e ******** -e ******** -e ******** -e ******** -e ******** -e ******** -e ******** -e ******** -e ******** -e ******** -e ******** -e ******** -e ******** -e ******** -e ******** -e ******** -e ******** -e ******** -e ******** python:3.12-slim cat
[2026-10-05T09:43:02.578Z] $ docker top 3f8ff6b6515c83b6da032b4f4fdb5a06027346984b3e074dc8b2871cf59639e1 -eo pid,comm
[Pipeline] {
[Pipeline] dir
[2026-10-05T09:43:02.701Z] Running in /var/jenkins_home/workspace/jenkinsforge/app
[Pipeline] {
[Pipeline] sh
[2026-10-05T09:43:03.022Z] + pip install -r requirements-dev.txt -q
[2026-10-05T09:43:49.543Z] WARNING: Running pip as the 'root' user can result in broken permissions and conflicting behaviour with the system package manager, possibly rendering your system unusable. It is recommended to use a virtual environment instead: https://pip.pypa.io/warnings/venv. Use the --root-user-action option if you know what you are doing and want to suppress this warning.
[2026-10-05T09:43:49.543Z] 
[2026-10-05T09:43:49.543Z] [notice] A new release of pip is available: 25.0.1 -> 26.2.1
[2026-10-05T09:43:49.543Z] [notice] To update, run: pip install --upgrade pip
[2026-10-05T09:43:49.543Z] + mkdir -p ../reports
[2026-10-05T09:43:49.543Z] + pytest tests/ --junitxml=../reports/test-results.xml -v --tb=short --color=yes
[2026-10-05T09:43:49.544Z] [1m============================= test session starts ==============================[0m
[2026-10-05T09:43:49.544Z] platform linux -- Python 3.12.15, pytest-8.3.3, pluggy-1.6.0 -- /usr/local/bin/python3.12
[2026-10-05T09:43:49.544Z] cachedir: .pytest_cache
[2026-10-05T09:43:49.544Z] rootdir: /var/jenkins_home/workspace/jenkinsforge/app
[2026-10-05T09:43:49.544Z] configfile: pyproject.toml
[2026-10-05T09:43:49.544Z] plugins: anyio-4.15.1
[2026-10-05T09:43:49.544Z] [1mcollecting ... [0mcollected 14 items
[2026-10-05T09:43:49.544Z] 
[2026-10-05T09:43:49.544Z] tests/test_main.py::test_root_status_200 [32mPASSED[0m[33m                          [  7%][0m
[2026-10-05T09:43:49.544Z] tests/test_main.py::test_root_has_required_keys [32mPASSED[0m[33m                   [ 14%][0m
[2026-10-05T09:43:49.544Z] tests/test_main.py::test_root_service_name [32mPASSED[0m[33m                        [ 21%][0m
[2026-10-05T09:43:49.544Z] tests/test_main.py::test_root_status_value [32mPASSED[0m[33m                        [ 28%][0m
[2026-10-05T09:43:49.544Z] tests/test_main.py::test_root_version_present [32mPASSED[0m[33m                     [ 35%][0m
[2026-10-05T09:43:49.544Z] tests/test_main.py::test_health_status_200 [32mPASSED[0m[33m                        [ 42%][0m
[2026-10-05T09:43:49.544Z] tests/test_main.py::test_health_has_required_keys [32mPASSED[0m[33m                 [ 50%][0m
[2026-10-05T09:43:49.544Z] tests/test_main.py::test_health_status_value [32mPASSED[0m[33m                      [ 57%][0m
[2026-10-05T09:43:49.544Z] tests/test_main.py::test_health_service_name [32mPASSED[0m[33m                      [ 64%][0m
[2026-10-05T09:43:49.544Z] tests/test_main.py::test_health_version_present [32mPASSED[0m[33m                   [ 71%][0m
[2026-10-05T09:43:49.544Z] tests/test_main.py::test_root_and_health_same_service [32mPASSED[0m[33m             [ 78%][0m
[2026-10-05T09:43:49.544Z] tests/test_main.py::test_root_and_health_same_version [32mPASSED[0m[33m             [ 85%][0m
[2026-10-05T09:43:49.544Z] tests/test_main.py::test_unknown_path_404 [32mPASSED[0m[33m                         [ 92%][0m
[2026-10-05T09:43:49.544Z] tests/test_main.py::test_health_method_not_allowed [32mPASSED[0m[33m                [100%][0m
[2026-10-05T09:43:49.545Z] 
[2026-10-05T09:43:49.545Z] [33m=============================== warnings summary ===============================[0m
[2026-10-05T09:43:49.545Z] ../../../../../usr/local/lib/python3.12/site-packages/starlette/testclient.py:40
[2026-10-05T09:43:49.545Z]   /usr/local/lib/python3.12/site-packages/starlette/testclient.py:40: DeprecationWarning: The anyio.abc.BlockingPortal alias is deprecated, use anyio.from_thread.BlockingPortal instead.
[2026-10-05T09:43:49.545Z]     _PortalFactoryType = typing.Callable[[], typing.ContextManager[anyio.abc.BlockingPortal]]
[2026-10-05T09:43:49.545Z] 
[2026-10-05T09:43:49.545Z] -- Docs: https://docs.pytest.org/en/stable/how-to/capture-warnings.html
[2026-10-05T09:43:49.545Z] - generated xml file: /var/jenkins_home/workspace/jenkinsforge/reports/test-results.xml -
[2026-10-05T09:43:49.545Z] [33m======================== [32m14 passed[0m, [33m[1m1 warning[0m[33m in 0.44s[0m[33m =========================[0m
[Pipeline] }
[Pipeline] // dir
Post stage
[Pipeline] junit
[2026-10-05T09:43:49.690Z] Recording test results
[2026-10-05T09:43:49.785Z] [Checks API] No suitable checks publisher found.
[Pipeline] echo
[2026-10-05T09:43:49.854Z] ✓ Unit tests PASSED
[Pipeline] }
[2026-10-05T09:43:49.905Z] $ docker stop --time=1 3f8ff6b6515c83b6da032b4f4fdb5a06027346984b3e074dc8b2871cf59639e1
[2026-10-05T09:43:51.911Z] $ docker rm -f --volumes 3f8ff6b6515c83b6da032b4f4fdb5a06027346984b3e074dc8b2871cf59639e1
[Pipeline] // withDockerContainer
[Pipeline] }
[Pipeline] // stage
[Pipeline] stage
[Pipeline] { (Lint)
[Pipeline] getContext
[Pipeline] isUnix
[Pipeline] withEnv
[Pipeline] {
[Pipeline] sh
[2026-10-05T09:43:52.819Z] + docker inspect -f . python:3.12-slim
[2026-10-05T09:43:52.819Z] .
[Pipeline] }
[Pipeline] // withEnv
[Pipeline] withDockerContainer
[2026-10-05T09:43:53.040Z] Jenkins seems to be running inside container ff6581a3f9397b0dfd2f7308504b1b67f2e234d728771d73e8aa5a513f408488
[2026-10-05T09:43:53.078Z] $ docker run -t -d -u 1000:1000 --user root --network host -w /var/jenkins_home/workspace/jenkinsforge --volumes-from ff6581a3f9397b0dfd2f7308504b1b67f2e234d728771d73e8aa5a513f408488 -e ******** -e ******** -e ******** -e ******** -e ******** -e ******** -e ******** -e ******** -e ******** -e ******** -e ******** -e ******** -e ******** -e ******** -e ******** -e ******** -e ******** -e ******** -e ******** -e ******** -e ******** -e ******** -e ******** -e ******** -e ******** -e ******** -e ******** -e ******** -e ******** -e ******** -e ******** -e ******** -e ******** -e ******** -e ******** -e ******** -e ******** -e ******** -e ******** -e ******** -e ******** python:3.12-slim cat
[2026-10-05T09:43:53.643Z] $ docker top 0f01eee8fd6bca70d5f1cf4beefd05538d0e30a68500b0b107a8386d6c243661 -eo pid,comm
[Pipeline] {
[Pipeline] dir
[2026-10-05T09:43:53.856Z] Running in /var/jenkins_home/workspace/jenkinsforge/app
[Pipeline] {
[Pipeline] sh
[2026-10-05T09:43:54.190Z] + pip install ruff -q
[2026-10-05T09:44:06.295Z] WARNING: Running pip as the 'root' user can result in broken permissions and conflicting behaviour with the system package manager, possibly rendering your system unusable. It is recommended to use a virtual environment instead: https://pip.pypa.io/warnings/venv. Use the --root-user-action option if you know what you are doing and want to suppress this warning.
[2026-10-05T09:44:06.295Z] 
[2026-10-05T09:44:06.295Z] [notice] A new release of pip is available: 25.0.1 -> 26.2.1
[2026-10-05T09:44:06.295Z] [notice] To update, run: pip install --upgrade pip
[2026-10-05T09:44:06.295Z] + echo ==> ruff: style + import checks
[2026-10-05T09:44:06.295Z] ==> ruff: style + import checks
[2026-10-05T09:44:06.295Z] + ruff check src/ tests/
[2026-10-05T09:44:06.295Z] All checks passed!
[2026-10-05T09:44:06.295Z] + echo ==> ruff: format check
[2026-10-05T09:44:06.295Z] ==> ruff: format check
[2026-10-05T09:44:06.295Z] + ruff format --check src/ tests/
[2026-10-05T09:44:06.295Z] 5 files already formatted
[2026-10-05T09:44:06.295Z] + echo ✓ Lint PASSED
[2026-10-05T09:44:06.295Z] ✓ Lint PASSED
[Pipeline] }
[Pipeline] // dir
[Pipeline] }
[2026-10-05T09:44:06.443Z] $ docker stop --time=1 0f01eee8fd6bca70d5f1cf4beefd05538d0e30a68500b0b107a8386d6c243661
[2026-10-05T09:44:08.156Z] $ docker rm -f --volumes 0f01eee8fd6bca70d5f1cf4beefd05538d0e30a68500b0b107a8386d6c243661
[Pipeline] // withDockerContainer
[Pipeline] }
[Pipeline] // stage
[Pipeline] stage
[Pipeline] { (SAST)
[Pipeline] getContext
[Pipeline] isUnix
[Pipeline] withEnv
[Pipeline] {
[Pipeline] sh
[2026-10-05T09:44:08.999Z] + docker inspect -f . python:3.12-slim
[2026-10-05T09:44:08.999Z] .
[Pipeline] }
[Pipeline] // withEnv
[Pipeline] withDockerContainer
[2026-10-05T09:44:09.191Z] Jenkins seems to be running inside container ff6581a3f9397b0dfd2f7308504b1b67f2e234d728771d73e8aa5a513f408488
[2026-10-05T09:44:09.228Z] $ docker run -t -d -u 1000:1000 --user root --network host -w /var/jenkins_home/workspace/jenkinsforge --volumes-from ff6581a3f9397b0dfd2f7308504b1b67f2e234d728771d73e8aa5a513f408488 -e ******** -e ******** -e ******** -e ******** -e ******** -e ******** -e ******** -e ******** -e ******** -e ******** -e ******** -e ******** -e ******** -e ******** -e ******** -e ******** -e ******** -e ******** -e ******** -e ******** -e ******** -e ******** -e ******** -e ******** -e ******** -e ******** -e ******** -e ******** -e ******** -e ******** -e ******** -e ******** -e ******** -e ******** -e ******** -e ******** -e ******** -e ******** -e ******** -e ******** -e ******** python:3.12-slim cat
[2026-10-05T09:44:09.600Z] $ docker top 2beaf2a366a57b57b6f35808c1c05b96cf14fa27ba2d8658617e41c9ec845738 -eo pid,comm
[Pipeline] {
[Pipeline] sh
[2026-10-05T09:44:09.972Z] + pip install semgrep -q
[2026-10-05T09:46:01.232Z] WARNING: Running pip as the 'root' user can result in broken permissions and conflicting behaviour with the system package manager, possibly rendering your system unusable. It is recommended to use a virtual environment instead: https://pip.pypa.io/warnings/venv. Use the --root-user-action option if you know what you are doing and want to suppress this warning.
[2026-10-05T09:46:01.232Z] 
[2026-10-05T09:46:01.232Z] [notice] A new release of pip is available: 25.0.1 -> 26.2.1
[2026-10-05T09:46:01.232Z] [notice] To update, run: pip install --upgrade pip
[2026-10-05T09:46:01.232Z] + mkdir -p reports
[2026-10-05T09:46:01.232Z] + echo ==> Semgrep: scanning app/src/ for security issues...
[2026-10-05T09:46:01.232Z] ==> Semgrep: scanning app/src/ for security issues...
[2026-10-05T09:46:01.232Z] + semgrep scan --config p/python --config p/owasp-top-ten --config p/secrets --sarif --output reports/semgrep-results.sarif --error app/src/
[2026-10-05T09:46:01.232Z]                
[2026-10-05T09:46:01.232Z]                
[2026-10-05T09:46:01.232Z] ┌─────────────┐
[2026-10-05T09:46:01.232Z] │ Scan Status │
[2026-10-05T09:46:01.232Z] └─────────────┘
[2026-10-05T09:46:01.232Z]   Scanning 6 files tracked by git with 599 Code rules:
[2026-10-05T09:46:01.232Z]                                                                                                                         
[2026-10-05T09:46:01.232Z]   Language      Rules   Files          Origin      Rules                                                                
[2026-10-05T09:46:01.233Z]  ─────────────────────────────        ───────────────────                                                               
[2026-10-05T09:46:01.233Z]   <multilang>      40       6          Community     599                                                                
[2026-10-05T09:46:01.233Z]   python          151       3                                                                                           
[2026-10-05T09:46:01.233Z]                                                                                                                         
[2026-10-05T09:46:01.233Z]                 
[2026-10-05T09:46:01.233Z]                 
[2026-10-05T09:46:01.233Z] ┌──────────────┐
[2026-10-05T09:46:01.233Z] │ Scan Summary │
[2026-10-05T09:46:01.233Z] └──────────────┘
[2026-10-05T09:46:01.233Z] ✅ Scan completed successfully.
[2026-10-05T09:46:01.233Z]  • Findings: 0 (0 blocking)
[2026-10-05T09:46:01.233Z]  • Rules run: 191
[2026-10-05T09:46:01.233Z]  • Targets scanned: 6
[2026-10-05T09:46:01.233Z]  • Parsed lines: ~100.0%
[2026-10-05T09:46:01.233Z]  • No ignore information available
[2026-10-05T09:46:01.233Z] Ran 191 rules on 6 files: 0 findings.
[2026-10-05T09:46:01.233Z] (need more rules? `semgrep login` for additional free Semgrep Registry rules)
[2026-10-05T09:46:01.233Z] 
[2026-10-05T09:46:01.233Z] If Semgrep missed a finding, please send us feedback to let us know!
[2026-10-05T09:46:01.233Z] See https://semgrep.dev/docs/reporting-false-negatives/
[2026-10-05T09:46:01.234Z] + echo ✓ SAST PASSED
[2026-10-05T09:46:01.234Z] ✓ SAST PASSED
Post stage
[Pipeline] archiveArtifacts
[2026-10-05T09:46:01.277Z] Archiving artifacts
[Pipeline] }
[2026-10-05T09:46:01.328Z] $ docker stop --time=1 2beaf2a366a57b57b6f35808c1c05b96cf14fa27ba2d8658617e41c9ec845738
[2026-10-05T09:46:03.202Z] $ docker rm -f --volumes 2beaf2a366a57b57b6f35808c1c05b96cf14fa27ba2d8658617e41c9ec845738
[Pipeline] // withDockerContainer
[Pipeline] }
[Pipeline] // stage
[Pipeline] stage
[Pipeline] { (Dependency Scan)
[Pipeline] getContext
[Pipeline] isUnix
[Pipeline] withEnv
[Pipeline] {
[Pipeline] sh
[2026-10-05T09:46:04.100Z] + docker inspect -f . python:3.12-slim
[2026-10-05T09:46:04.100Z] .
[Pipeline] }
[Pipeline] // withEnv
[Pipeline] withDockerContainer
[2026-10-05T09:46:04.236Z] Jenkins seems to be running inside container ff6581a3f9397b0dfd2f7308504b1b67f2e234d728771d73e8aa5a513f408488
[2026-10-05T09:46:04.268Z] $ docker run -t -d -u 1000:1000 --user root --network host -w /var/jenkins_home/workspace/jenkinsforge --volumes-from ff6581a3f9397b0dfd2f7308504b1b67f2e234d728771d73e8aa5a513f408488 -e ******** -e ******** -e ******** -e ******** -e ******** -e ******** -e ******** -e ******** -e ******** -e ******** -e ******** -e ******** -e ******** -e ******** -e ******** -e ******** -e ******** -e ******** -e ******** -e ******** -e ******** -e ******** -e ******** -e ******** -e ******** -e ******** -e ******** -e ******** -e ******** -e ******** -e ******** -e ******** -e ******** -e ******** -e ******** -e ******** -e ******** -e ******** -e ******** -e ******** -e ******** python:3.12-slim cat
[2026-10-05T09:46:04.541Z] $ docker top d36baff8eaceee3d5f72d2e50b8fdb83f70c771e7c9cb8077ab1280a8964232f -eo pid,comm
[Pipeline] {
[Pipeline] sh
[2026-10-05T09:46:04.912Z] + pip install pip-audit -q
[2026-10-05T09:46:26.718Z] WARNING: Running pip as the 'root' user can result in broken permissions and conflicting behaviour with the system package manager, possibly rendering your system unusable. It is recommended to use a virtual environment instead: https://pip.pypa.io/warnings/venv. Use the --root-user-action option if you know what you are doing and want to suppress this warning.
[2026-10-05T09:46:26.718Z] 
[2026-10-05T09:46:26.718Z] [notice] A new release of pip is available: 25.0.1 -> 26.2.1
[2026-10-05T09:46:26.718Z] [notice] To update, run: pip install --upgrade pip
[2026-10-05T09:46:26.718Z] + mkdir -p reports
[2026-10-05T09:46:26.718Z] + echo ==> pip-audit: scanning app/requirements.txt for CVEs...
[2026-10-05T09:46:26.718Z] ==> pip-audit: scanning app/requirements.txt for CVEs...
[2026-10-05T09:46:26.718Z] + pip-audit -r app/requirements.txt --format json --output reports/pip-audit-results.json --progress-spinner off
[2026-10-05T09:46:48.526Z] Found 14 known vulnerabilities in 1 package
[2026-10-05T09:46:48.526Z] + true
[2026-10-05T09:46:48.526Z] + echo ✓ Dependency Scan COMPLETE — see reports/pip-audit-results.json for findings
[2026-10-05T09:46:48.526Z] ✓ Dependency Scan COMPLETE — see reports/pip-audit-results.json for findings
Post stage
[Pipeline] archiveArtifacts
[2026-10-05T09:46:48.600Z] Archiving artifacts
[Pipeline] }
[2026-10-05T09:46:48.681Z] $ docker stop --time=1 d36baff8eaceee3d5f72d2e50b8fdb83f70c771e7c9cb8077ab1280a8964232f
[2026-10-05T09:46:49.962Z] $ docker rm -f --volumes d36baff8eaceee3d5f72d2e50b8fdb83f70c771e7c9cb8077ab1280a8964232f
[Pipeline] // withDockerContainer
[Pipeline] }
[Pipeline] // stage
[Pipeline] stage
[Pipeline] { (Docker Build)
[Pipeline] sh
[2026-10-05T09:46:50.720Z] + echo ==> Building: ****/jenkinsforge:7e9e0a7
[2026-10-05T09:46:50.720Z] ==> Building: ****/jenkinsforge:7e9e0a7
[2026-10-05T09:46:50.720Z] + date -u +%Y-%m-%dT%H:%M:%SZ
[2026-10-05T09:46:50.720Z] + docker build --no-cache --build-arg APP_VERSION=7e9e0a7 --label org.opencontainers.image.revision=7e9e0a744dbc05ca41179db9f87bd74da073ed79 --label org.opencontainers.image.created=2026-10-05T09:46:50Z --label jenkins.build.number=13 -t ****/jenkinsforge:7e9e0a7 app/
[2026-10-05T09:46:50.971Z] #0 building with "default" instance using docker driver
[2026-10-05T09:46:50.972Z] 
[2026-10-05T09:46:50.972Z] #1 [internal] load build definition from Dockerfile
[2026-10-05T09:46:50.972Z] #1 transferring dockerfile: 1.48kB done
[2026-10-05T09:46:50.972Z] #1 DONE 0.0s
[2026-10-05T09:46:50.972Z] 
[2026-10-05T09:46:50.972Z] #2 [internal] load metadata for docker.io/library/python:3.12-slim
[2026-10-05T09:46:50.972Z] #2 DONE 0.1s
[2026-10-05T09:46:51.223Z] 
[2026-10-05T09:46:51.223Z] #3 [internal] load .dockerignore
[2026-10-05T09:46:51.223Z] #3 transferring context: 183B done
[2026-10-05T09:46:51.223Z] #3 DONE 0.0s
[2026-10-05T09:46:51.223Z] 
[2026-10-05T09:46:51.223Z] #4 [builder 2/4] WORKDIR /build
[2026-10-05T09:46:51.223Z] #4 CACHED
[2026-10-05T09:46:51.223Z] 
[2026-10-05T09:46:51.223Z] #5 [builder 1/4] FROM docker.io/library/python:3.12-slim@sha256:dddfd7e07f9d15aeeca61529320492139d21cac7f0070c00609243e51e4e0016
[2026-10-05T09:46:51.223Z] #5 resolve docker.io/library/python:3.12-slim@sha256:dddfd7e07f9d15aeeca61529320492139d21cac7f0070c00609243e51e4e0016 0.0s done
[2026-10-05T09:46:51.223Z] #5 CACHED
[2026-10-05T09:46:51.223Z] 
[2026-10-05T09:46:51.223Z] #6 [internal] load build context
[2026-10-05T09:46:51.223Z] #6 transferring context: 4.33kB done
[2026-10-05T09:46:51.223Z] #6 DONE 0.0s
[2026-10-05T09:46:51.223Z] 
[2026-10-05T09:46:51.223Z] #7 [builder 3/4] COPY requirements.txt .
[2026-10-05T09:46:51.223Z] #7 DONE 0.1s
[2026-10-05T09:46:51.223Z] 
[2026-10-05T09:46:51.223Z] #8 [runtime 2/6] RUN addgroup --system --gid 1001 app  && adduser  --system --uid 1001 --ingroup app --no-create-home app
[2026-10-05T09:46:52.136Z] #8 0.846 useradd warning: app's uid 1001 is greater than SYS_UID_MAX 999
[2026-10-05T09:46:52.136Z] #8 DONE 1.0s
[2026-10-05T09:46:52.136Z] 
[2026-10-05T09:46:52.136Z] #9 [builder 4/4] RUN pip install --no-cache-dir --prefix=/install -r requirements.txt
[2026-10-05T09:46:52.136Z] #9 ...
[2026-10-05T09:46:52.136Z] 
[2026-10-05T09:46:52.136Z] #10 [runtime 3/6] WORKDIR /app
[2026-10-05T09:46:52.136Z] #10 DONE 0.1s
[2026-10-05T09:46:52.387Z] 
[2026-10-05T09:46:52.387Z] #9 [builder 4/4] RUN pip install --no-cache-dir --prefix=/install -r requirements.txt
[2026-10-05T09:46:54.251Z] #9 2.665 Collecting fastapi==0.115.0 (from -r requirements.txt (line 1))
[2026-10-05T09:46:54.251Z] #9 3.007   Downloading fastapi-0.115.0-py3-none-any.whl.metadata (27 kB)
[2026-10-05T09:46:54.502Z] #9 3.145 Collecting uvicorn==0.30.6 (from uvicorn[standard]==0.30.6->-r requirements.txt (line 2))
[2026-10-05T09:46:54.753Z] #9 3.226   Downloading uvicorn-0.30.6-py3-none-any.whl.metadata (6.6 kB)
[2026-10-05T09:46:54.753Z] #9 3.349 Collecting starlette<0.39.0,>=0.37.2 (from fastapi==0.115.0->-r requirements.txt (line 1))
[2026-10-05T09:46:55.004Z] #9 3.431   Downloading starlette-0.38.6-py3-none-any.whl.metadata (6.0 kB)
[2026-10-05T09:46:55.255Z] #9 3.828 Collecting pydantic!=1.8,!=1.8.1,!=2.0.0,!=2.0.1,!=2.1.0,<3.0.0,>=1.7.4 (from fastapi==0.115.0->-r requirements.txt (line 1))
[2026-10-05T09:46:55.255Z] #9 3.943   Downloading pydantic-2.13.5-py3-none-any.whl.metadata (110 kB)
[2026-10-05T09:46:55.506Z] #9 4.127 Collecting typing-extensions>=4.8.0 (from fastapi==0.115.0->-r requirements.txt (line 1))
[2026-10-05T09:46:55.506Z] #9 4.202   Downloading typing_extensions-4.16.0-py3-none-any.whl.metadata (3.3 kB)
[2026-10-05T09:46:55.506Z] #9 4.258 Collecting click>=7.0 (from uvicorn==0.30.6->uvicorn[standard]==0.30.6->-r requirements.txt (line 2))
[2026-10-05T09:46:55.758Z] #9 4.352   Downloading click-8.5.0-py3-none-any.whl.metadata (2.6 kB)
[2026-10-05T09:46:55.758Z] #9 4.417 Collecting h11>=0.8 (from uvicorn==0.30.6->uvicorn[standard]==0.30.6->-r requirements.txt (line 2))
[2026-10-05T09:46:56.009Z] #9 4.454   Downloading h11-0.16.0-py3-none-any.whl.metadata (8.3 kB)
[2026-10-05T09:46:56.009Z] #9 4.579 Collecting httptools>=0.5.0 (from uvicorn[standard]==0.30.6->-r requirements.txt (line 2))
[2026-10-05T09:46:56.009Z] #9 4.659   Downloading httptools-0.8.0-cp312-cp312-manylinux1_x86_64.manylinux_2_28_x86_64.manylinux_2_5_x86_64.whl.metadata (3.5 kB)
[2026-10-05T09:46:56.009Z] #9 4.771 Collecting python-dotenv>=0.13 (from uvicorn[standard]==0.30.6->-r requirements.txt (line 2))
[2026-10-05T09:46:56.260Z] #9 4.866   Downloading python_dotenv-1.2.4-py3-none-any.whl.metadata (29 kB)
[2026-10-05T09:46:56.260Z] #9 4.995 Collecting pyyaml>=5.1 (from uvicorn[standard]==0.30.6->-r requirements.txt (line 2))
[2026-10-05T09:46:56.512Z] #9 5.069   Downloading pyyaml-6.0.3-cp312-cp312-manylinux2014_x86_64.manylinux_2_17_x86_64.manylinux_2_28_x86_64.whl.metadata (2.4 kB)
[2026-10-05T09:46:56.512Z] #9 5.179 Collecting uvloop!=0.15.0,!=0.15.1,>=0.14.0 (from uvicorn[standard]==0.30.6->-r requirements.txt (line 2))
[2026-10-05T09:46:56.763Z] #9 5.274   Downloading uvloop-0.23.0-cp312-cp312-manylinux2014_x86_64.manylinux_2_17_x86_64.manylinux_2_28_x86_64.whl.metadata (5.1 kB)
[2026-10-05T09:46:56.763Z] #9 5.503 Collecting watchfiles>=0.13 (from uvicorn[standard]==0.30.6->-r requirements.txt (line 2))
[2026-10-05T09:46:57.014Z] #9 5.581   Downloading watchfiles-1.3.0-cp310-abi3-manylinux_2_17_x86_64.manylinux2014_x86_64.whl.metadata (4.9 kB)
[2026-10-05T09:46:57.265Z] #9 6.029 Collecting websockets>=10.4 (from uvicorn[standard]==0.30.6->-r requirements.txt (line 2))
[2026-10-05T09:46:57.516Z] #9 6.094   Downloading websockets-17.2-cp312-cp312-manylinux1_x86_64.manylinux_2_28_x86_64.manylinux_2_5_x86_64.whl.metadata (6.3 kB)
[2026-10-05T09:46:57.516Z] #9 6.129 Collecting annotated-types>=0.6.0 (from pydantic!=1.8,!=1.8.1,!=2.0.0,!=2.0.1,!=2.1.0,<3.0.0,>=1.7.4->fastapi==0.115.0->-r requirements.txt (line 1))
[2026-10-05T09:46:57.516Z] #9 6.154   Downloading annotated_types-0.8.0-py3-none-any.whl.metadata (15 kB)
[2026-10-05T09:46:58.862Z] #9 7.338 Collecting pydantic-core==2.46.5 (from pydantic!=1.8,!=1.8.1,!=2.0.0,!=2.0.1,!=2.1.0,<3.0.0,>=1.7.4->fastapi==0.115.0->-r requirements.txt (line 1))
[2026-10-05T09:46:58.862Z] #9 7.425   Downloading pydantic_core-2.46.5-cp312-cp312-manylinux_2_17_x86_64.manylinux2014_x86_64.whl.metadata (6.6 kB)
[2026-10-05T09:46:58.862Z] #9 7.530 Collecting typing-inspection>=0.4.2 (from pydantic!=1.8,!=1.8.1,!=2.0.0,!=2.0.1,!=2.1.0,<3.0.0,>=1.7.4->fastapi==0.115.0->-r requirements.txt (line 1))
[2026-10-05T09:46:59.114Z] #9 7.629   Downloading typing_inspection-0.4.4-py3-none-any.whl.metadata (2.6 kB)
[2026-10-05T09:46:59.114Z] #9 7.706 Collecting anyio<5,>=3.4.0 (from starlette<0.39.0,>=0.37.2->fastapi==0.115.0->-r requirements.txt (line 1))
[2026-10-05T09:46:59.114Z] #9 7.784   Downloading anyio-4.15.1-py3-none-any.whl.metadata (4.7 kB)
[2026-10-05T09:46:59.114Z] #9 7.846 Collecting idna>=2.8 (from anyio<5,>=3.4.0->starlette<0.39.0,>=0.37.2->fastapi==0.115.0->-r requirements.txt (line 1))
[2026-10-05T09:46:59.364Z] #9 7.871   Downloading idna-3.20-py3-none-any.whl.metadata (7.2 kB)
[2026-10-05T09:46:59.365Z] #9 7.918 Downloading fastapi-0.115.0-py3-none-any.whl (94 kB)
[2026-10-05T09:46:59.365Z] #9 7.986 Downloading uvicorn-0.30.6-py3-none-any.whl (62 kB)
[2026-10-05T09:46:59.365Z] #9 8.042 Downloading click-8.5.0-py3-none-any.whl (125 kB)
[2026-10-05T09:46:59.365Z] #9 8.143 Downloading h11-0.16.0-py3-none-any.whl (37 kB)
[2026-10-05T09:46:59.615Z] #9 8.181 Downloading httptools-0.8.0-cp312-cp312-manylinux1_x86_64.manylinux_2_28_x86_64.manylinux_2_5_x86_64.whl (523 kB)
[2026-10-05T09:46:59.615Z] #9 8.344 Downloading pydantic-2.13.5-py3-none-any.whl (472 kB)
[2026-10-05T09:46:59.867Z] #9 8.526 Downloading pydantic_core-2.46.5-cp312-cp312-manylinux_2_17_x86_64.manylinux2014_x86_64.whl (2.1 MB)
[2026-10-05T09:47:01.732Z] #9 10.09    ━━━━━━━━━━━━━━━━━━━━━━━━━━━━━━━━━━━━━━━━ 2.1/2.1 MB 1.3 MB/s eta 0:00:00
[2026-10-05T09:47:01.732Z] #9 10.12 Downloading python_dotenv-1.2.4-py3-none-any.whl (23 kB)
[2026-10-05T09:47:01.732Z] #9 10.19 Downloading pyyaml-6.0.3-cp312-cp312-manylinux2014_x86_64.manylinux_2_17_x86_64.manylinux_2_28_x86_64.whl (807 kB)
[2026-10-05T09:47:02.233Z] #9 10.78    ━━━━━━━━━━━━━━━━━━━━━━━━━━━━━━━━━━━━━━━━ 807.9/807.9 kB 1.4 MB/s eta 0:00:00
[2026-10-05T09:47:02.234Z] #9 10.91 Downloading starlette-0.38.6-py3-none-any.whl (71 kB)
[2026-10-05T09:47:02.484Z] #9 11.09 Downloading typing_extensions-4.16.0-py3-none-any.whl (45 kB)
[2026-10-05T09:47:02.484Z] #9 11.21 Downloading uvloop-0.23.0-cp312-cp312-manylinux2014_x86_64.manylinux_2_17_x86_64.manylinux_2_28_x86_64.whl (4.5 MB)
[2026-10-05T09:47:05.969Z] #9 14.37    ━━━━━━━━━━━━━━━━━━━━━━━━━━━━━━━━━━━━━━━━ 4.5/4.5 MB 1.6 MB/s eta 0:00:00
[2026-10-05T09:47:05.969Z] #9 14.39 Downloading watchfiles-1.3.0-cp310-abi3-manylinux_2_17_x86_64.manylinux2014_x86_64.whl (458 kB)
[2026-10-05T09:47:05.969Z] #9 14.68 Downloading websockets-17.2-cp312-cp312-manylinux1_x86_64.manylinux_2_28_x86_64.manylinux_2_5_x86_64.whl (225 kB)
[2026-10-05T09:47:06.221Z] #9 14.89 Downloading annotated_types-0.8.0-py3-none-any.whl (13 kB)
[2026-10-05T09:47:06.472Z] #9 14.97 Downloading anyio-4.15.1-py3-none-any.whl (132 kB)
[2026-10-05T09:47:06.723Z] #9 15.50 Downloading typing_inspection-0.4.4-py3-none-any.whl (14 kB)
[2026-10-05T09:47:06.974Z] #9 15.58 Downloading idna-3.20-py3-none-any.whl (69 kB)
[2026-10-05T09:47:06.974Z] #9 15.73 Installing collected packages: websockets, uvloop, typing-extensions, pyyaml, python-dotenv, idna, httptools, h11, click, annotated-types, uvicorn, typing-inspection, pydantic-core, anyio, watchfiles, starlette, pydantic, fastapi
[2026-10-05T09:47:08.838Z] #9 17.29 Successfully installed annotated-types-0.8.0 anyio-4.15.1 click-8.5.0 fastapi-0.115.0 h11-0.16.0 httptools-0.8.0 idna-3.20 pydantic-2.13.5 pydantic-core-2.46.5 python-dotenv-1.2.4 pyyaml-6.0.3 starlette-0.38.6 typing-extensions-4.16.0 typing-inspection-0.4.4 uvicorn-0.30.6 uvloop-0.23.0 watchfiles-1.3.0 websockets-17.2
[2026-10-05T09:47:08.838Z] #9 17.29 WARNING: Running pip as the 'root' user can result in broken permissions and conflicting behaviour with the system package manager, possibly rendering your system unusable. It is recommended to use a virtual environment instead: https://pip.pypa.io/warnings/venv. Use the --root-user-action option if you know what you are doing and want to suppress this warning.
[2026-10-05T09:47:09.089Z] #9 17.69 
[2026-10-05T09:47:09.089Z] #9 17.69 [notice] A new release of pip is available: 25.0.1 -> 26.2.1
[2026-10-05T09:47:09.089Z] #9 17.69 [notice] To update, run: pip install --upgrade pip
[2026-10-05T09:47:10.438Z] #9 DONE 18.8s
[2026-10-05T09:47:10.689Z] 
[2026-10-05T09:47:10.689Z] #11 [runtime 4/6] COPY --from=builder /install /usr/local
[2026-10-05T09:47:12.034Z] #11 DONE 1.2s
[2026-10-05T09:47:12.034Z] 
[2026-10-05T09:47:12.034Z] #12 [runtime 5/6] COPY src/ src/
[2026-10-05T09:47:12.034Z] #12 DONE 0.1s
[2026-10-05T09:47:12.034Z] 
[2026-10-05T09:47:12.034Z] #13 [runtime 6/6] RUN chown -R app:app /app
[2026-10-05T09:47:12.285Z] #13 DONE 0.4s
[2026-10-05T09:47:12.536Z] 
[2026-10-05T09:47:12.536Z] #14 exporting to image
[2026-10-05T09:47:12.536Z] #14 exporting layers
[2026-10-05T09:47:14.400Z] #14 exporting layers 2.1s done
[2026-10-05T09:47:14.400Z] #14 exporting manifest sha256:4ba7d9f44e14fdaaf0d5d8a1b89c105cee178a999a41b9282ecca032b7a52dff 0.0s done
[2026-10-05T09:47:14.400Z] #14 exporting config sha256:3998a79c0308d4d772e7f416456d2343a1b04364bb1d123ff6defa14209bf89f 0.0s done
[2026-10-05T09:47:14.400Z] #14 exporting attestation manifest sha256:c2ecf484015d907a928b7f8c0a9af5ec964795621ffa2cbde0c312abbb20be29
[2026-10-05T09:47:14.651Z] #14 exporting attestation manifest sha256:c2ecf484015d907a928b7f8c0a9af5ec964795621ffa2cbde0c312abbb20be29 0.1s done
[2026-10-05T09:47:14.651Z] #14 exporting manifest list sha256:68f32fde063236b12df13197ba7fda6aa515efcf60ca3aa59a1dc092d1eaac45 0.0s done
[2026-10-05T09:47:14.651Z] #14 naming to ****/jenkinsforge:7e9e0a7
[2026-10-05T09:47:14.651Z] #14 naming to ****/jenkinsforge:7e9e0a7 done
[2026-10-05T09:47:14.651Z] #14 unpacking to ****/jenkinsforge:7e9e0a7
[2026-10-05T09:47:15.203Z] #14 unpacking to ****/jenkinsforge:7e9e0a7 0.4s done
[2026-10-05T09:47:15.203Z] #14 DONE 2.8s
[2026-10-05T09:47:15.203Z] + docker image inspect ****/jenkinsforge:7e9e0a7 --format {{.Id}}
[2026-10-05T09:47:15.203Z] + echo Built image ID: sha256:68f32fde063236b12df13197ba7fda6aa515efcf60ca3aa59a1dc092d1eaac45
[2026-10-05T09:47:15.203Z] Built image ID: sha256:68f32fde063236b12df13197ba7fda6aa515efcf60ca3aa59a1dc092d1eaac45
[2026-10-05T09:47:15.203Z] + echo ✓ Docker Build PASSED
[2026-10-05T09:47:15.203Z] ✓ Docker Build PASSED
[Pipeline] }
[Pipeline] // stage
[Pipeline] stage
[Pipeline] { (Trivy Scan)
[Pipeline] sh
[2026-10-05T09:47:15.618Z] + mkdir -p reports
[2026-10-05T09:47:15.618Z] + echo ==> Trivy: scanning ****/jenkinsforge:7e9e0a7...
[2026-10-05T09:47:15.618Z] ==> Trivy: scanning ****/jenkinsforge:7e9e0a7...
[2026-10-05T09:47:15.618Z] + trivy image --format json --output reports/trivy-results.json --exit-code 0 ****/jenkinsforge:7e9e0a7
[2026-10-05T09:47:15.869Z] 2026-10-05T09:47:15Z	INFO	[vuln] Vulnerability scanning is enabled
[2026-10-05T09:47:15.869Z] 2026-10-05T09:47:15Z	INFO	[secret] Secret scanning is enabled
[2026-10-05T09:47:15.869Z] 2026-10-05T09:47:15Z	INFO	[secret] If your scanning is slow, please try '--scanners vuln' to disable secret scanning
[2026-10-05T09:47:15.869Z] 2026-10-05T09:47:15Z	INFO	[secret] Please see https://trivy.dev/docs/v0.75/guide/scanner/secret#recommendation for faster secret detection
[2026-10-05T09:47:17.733Z] 2026-10-05T09:47:17Z	INFO	[python] Licenses acquired from one or more METADATA files may be subject to additional terms. Use `--debug` flag to see all affected packages.
[2026-10-05T09:47:17.733Z] 2026-10-05T09:47:17Z	INFO	Detected OS	family="debian" version="13.7"
[2026-10-05T09:47:17.733Z] 2026-10-05T09:47:17Z	INFO	[debian] Detecting vulnerabilities...	os_version="13" pkg_num=87
[2026-10-05T09:47:17.984Z] 2026-10-05T09:47:17Z	INFO	Number of language-specific files	num=1
[2026-10-05T09:47:17.984Z] 2026-10-05T09:47:17Z	INFO	[python-pkg] Detecting vulnerabilities...
[2026-10-05T09:47:17.984Z] 2026-10-05T09:47:17Z	WARN	Using severities from other vendors for some vulnerabilities. Read https://trivy.dev/docs/v0.75/guide/scanner/vulnerability#severity-selection for details.
[2026-10-05T09:47:17.984Z] + trivy image --format table --output reports/trivy-table.txt --exit-code 0 ****/jenkinsforge:7e9e0a7
[2026-10-05T09:47:17.984Z] 2026-10-05T09:47:17Z	INFO	[vuln] Vulnerability scanning is enabled
[2026-10-05T09:47:17.984Z] 2026-10-05T09:47:17Z	INFO	[secret] Secret scanning is enabled
[2026-10-05T09:47:17.984Z] 2026-10-05T09:47:17Z	INFO	[secret] If your scanning is slow, please try '--scanners vuln' to disable secret scanning
[2026-10-05T09:47:17.984Z] 2026-10-05T09:47:17Z	INFO	[secret] Please see https://trivy.dev/docs/v0.75/guide/scanner/secret#recommendation for faster secret detection
[2026-10-05T09:47:18.236Z] 2026-10-05T09:47:18Z	INFO	Detected OS	family="debian" version="13.7"
[2026-10-05T09:47:18.236Z] 2026-10-05T09:47:18Z	INFO	[debian] Detecting vulnerabilities...	os_version="13" pkg_num=87
[2026-10-05T09:47:18.236Z] 2026-10-05T09:47:18Z	INFO	Number of language-specific files	num=1
[2026-10-05T09:47:18.236Z] 2026-10-05T09:47:18Z	INFO	[python-pkg] Detecting vulnerabilities...
[2026-10-05T09:47:18.236Z] 2026-10-05T09:47:18Z	WARN	Using severities from other vendors for some vulnerabilities. Read https://trivy.dev/docs/v0.75/guide/scanner/vulnerability#severity-selection for details.
[2026-10-05T09:47:18.236Z] 2026-10-05T09:47:18Z	INFO	Table result includes only package filenames. Use '--format json' option to get the full path to the package file.
[2026-10-05T09:47:18.236Z] + cat reports/trivy-table.txt
[2026-10-05T09:47:18.236Z] 
[2026-10-05T09:47:18.236Z] Report Summary
[2026-10-05T09:47:18.236Z] 
[2026-10-05T09:47:18.236Z] ┌──────────────────────────────────────────────────────────────────────────────────┬────────────┬─────────────────┬─────────┐
[2026-10-05T09:47:18.236Z] │                                      Target                                      │    Type    │ Vulnerabilities │ Secrets │
[2026-10-05T09:47:18.236Z] ├──────────────────────────────────────────────────────────────────────────────────┼────────────┼─────────────────┼─────────┤
[2026-10-05T09:47:18.236Z] │ ****/jenkinsforge:7e9e0a7 (debian 13.7)  │   debian   │       167       │    -    │
[2026-10-05T09:47:18.236Z] ├──────────────────────────────────────────────────────────────────────────────────┼────────────┼─────────────────┼─────────┤
[2026-10-05T09:47:18.237Z] │ usr/local/lib/python3.12/site-packages/annotated_types-0.8.0.dist-info/METADATA  │ python-pkg │        0        │    -    │
[2026-10-05T09:47:18.237Z] ├──────────────────────────────────────────────────────────────────────────────────┼────────────┼─────────────────┼─────────┤
[2026-10-05T09:47:18.237Z] │ usr/local/lib/python3.12/site-packages/anyio-4.15.1.dist-info/METADATA           │ python-pkg │        0        │    -    │
[2026-10-05T09:47:18.237Z] ├──────────────────────────────────────────────────────────────────────────────────┼────────────┼─────────────────┼─────────┤
[2026-10-05T09:47:18.237Z] │ usr/local/lib/python3.12/site-packages/click-8.5.0.dist-info/METADATA            │ python-pkg │        0        │    -    │
[2026-10-05T09:47:18.237Z] ├──────────────────────────────────────────────────────────────────────────────────┼────────────┼─────────────────┼─────────┤
[2026-10-05T09:47:18.237Z] │ usr/local/lib/python3.12/site-packages/fastapi-0.115.0.dist-info/METADATA        │ python-pkg │        0        │    -    │
[2026-10-05T09:47:18.237Z] ├──────────────────────────────────────────────────────────────────────────────────┼────────────┼─────────────────┼─────────┤
[2026-10-05T09:47:18.237Z] │ usr/local/lib/python3.12/site-packages/h11-0.16.0.dist-info/METADATA             │ python-pkg │        0        │    -    │
[2026-10-05T09:47:18.237Z] ├──────────────────────────────────────────────────────────────────────────────────┼────────────┼─────────────────┼─────────┤
[2026-10-05T09:47:18.237Z] │ usr/local/lib/python3.12/site-packages/httptools-0.8.0.dist-info/METADATA        │ python-pkg │        0        │    -    │
[2026-10-05T09:47:18.237Z] ├──────────────────────────────────────────────────────────────────────────────────┼────────────┼─────────────────┼─────────┤
[2026-10-05T09:47:18.237Z] │ usr/local/lib/python3.12/site-packages/idna-3.20.dist-info/METADATA              │ python-pkg │        0        │    -    │
[2026-10-05T09:47:18.237Z] ├──────────────────────────────────────────────────────────────────────────────────┼────────────┼─────────────────┼─────────┤
[2026-10-05T09:47:18.237Z] │ usr/local/lib/python3.12/site-packages/pip-25.0.1.dist-info/METADATA             │ python-pkg │        6        │    -    │
[2026-10-05T09:47:18.237Z] ├──────────────────────────────────────────────────────────────────────────────────┼────────────┼─────────────────┼─────────┤
[2026-10-05T09:47:18.237Z] │ usr/local/lib/python3.12/site-packages/pydantic-2.13.5.dist-info/METADATA        │ python-pkg │        0        │    -    │
[2026-10-05T09:47:18.238Z] ├──────────────────────────────────────────────────────────────────────────────────┼────────────┼─────────────────┼─────────┤
[2026-10-05T09:47:18.238Z] │ usr/local/lib/python3.12/site-packages/pydantic_core-2.46.5.dist-info/METADATA   │ python-pkg │        0        │    -    │
[2026-10-05T09:47:18.238Z] ├──────────────────────────────────────────────────────────────────────────────────┼────────────┼─────────────────┼─────────┤
[2026-10-05T09:47:18.238Z] │ usr/local/lib/python3.12/site-packages/python_dotenv-1.2.4.dist-info/METADATA    │ python-pkg │        0        │    -    │
[2026-10-05T09:47:18.238Z] ├──────────────────────────────────────────────────────────────────────────────────┼────────────┼─────────────────┼─────────┤
[2026-10-05T09:47:18.238Z] │ usr/local/lib/python3.12/site-packages/pyyaml-6.0.3.dist-info/METADATA           │ python-pkg │        0        │    -    │
[2026-10-05T09:47:18.238Z] ├──────────────────────────────────────────────────────────────────────────────────┼────────────┼─────────────────┼─────────┤
[2026-10-05T09:47:18.238Z] │ usr/local/lib/python3.12/site-packages/starlette-0.38.6.dist-info/METADATA       │ python-pkg │        7        │    -    │
[2026-10-05T09:47:18.238Z] ├──────────────────────────────────────────────────────────────────────────────────┼────────────┼─────────────────┼─────────┤
[2026-10-05T09:47:18.238Z] │ usr/local/lib/python3.12/site-packages/typing_extensions-4.16.0.dist-info/METAD- │ python-pkg │        0        │    -    │
[2026-10-05T09:47:18.238Z] │ ATA                                                                              │            │                 │         │
[2026-10-05T09:47:18.238Z] ├──────────────────────────────────────────────────────────────────────────────────┼────────────┼─────────────────┼─────────┤
[2026-10-05T09:47:18.238Z] │ usr/local/lib/python3.12/site-packages/typing_inspection-0.4.4.dist-info/METADA- │ python-pkg │        0        │    -    │
[2026-10-05T09:47:18.238Z] │ TA                                                                               │            │                 │         │
[2026-10-05T09:47:18.238Z] ├──────────────────────────────────────────────────────────────────────────────────┼────────────┼─────────────────┼─────────┤
[2026-10-05T09:47:18.238Z] │ usr/local/lib/python3.12/site-packages/uvicorn-0.30.6.dist-info/METADATA         │ python-pkg │        0        │    -    │
[2026-10-05T09:47:18.238Z] ├──────────────────────────────────────────────────────────────────────────────────┼────────────┼─────────────────┼─────────┤
[2026-10-05T09:47:18.238Z] │ usr/local/lib/python3.12/site-packages/uvloop-0.23.0.dist-info/METADATA          │ python-pkg │        0        │    -    │
[2026-10-05T09:47:18.238Z] ├──────────────────────────────────────────────────────────────────────────────────┼────────────┼─────────────────┼─────────┤
[2026-10-05T09:47:18.238Z] │ usr/local/lib/python3.12/site-packages/watchfiles-1.3.0.dist-info/METADATA       │ python-pkg │        0        │    -    │
[2026-10-05T09:47:18.239Z] ├──────────────────────────────────────────────────────────────────────────────────┼────────────┼─────────────────┼─────────┤
[2026-10-05T09:47:18.239Z] │ usr/local/lib/python3.12/site-packages/websockets-17.2.dist-info/METADATA        │ python-pkg │        0        │    -    │
[2026-10-05T09:47:18.239Z] └──────────────────────────────────────────────────────────────────────────────────┴────────────┴─────────────────┴─────────┘
[2026-10-05T09:47:18.239Z] Legend:
[2026-10-05T09:47:18.239Z] - '-': Not scanned
[2026-10-05T09:47:18.239Z] - '0': Clean (no security findings detected)
[2026-10-05T09:47:18.239Z] 
[2026-10-05T09:47:18.239Z] 
[2026-10-05T09:47:18.239Z] For OSS Maintainers: VEX Notice
[2026-10-05T09:47:18.239Z] --------------------------------
[2026-10-05T09:47:18.239Z] If you're an OSS maintainer and Trivy has detected vulnerabilities in your project that you believe are not actually exploitable, consider issuing a VEX (Vulnerability Exploitability eXchange) statement.
[2026-10-05T09:47:18.239Z] VEX allows you to communicate the actual status of vulnerabilities in your project, improving security transparency and reducing false positives for your users.
[2026-10-05T09:47:18.239Z] Learn more and start using VEX: https://trivy.dev/docs/v0.75/guide/supply-chain/vex/repo#publishing-vex-documents
[2026-10-05T09:47:18.239Z] 
[2026-10-05T09:47:18.239Z] To disable this notice, set the TRIVY_DISABLE_VEX_NOTICE environment variable.
[2026-10-05T09:47:18.239Z] 
[2026-10-05T09:47:18.239Z] 
[2026-10-05T09:47:18.239Z] ****/jenkinsforge:7e9e0a7 (debian 13.7)
[2026-10-05T09:47:18.239Z] ===============================================================================
[2026-10-05T09:47:18.239Z] Total: 167 (UNKNOWN: 2, LOW: 60, MEDIUM: 60, HIGH: 45, CRITICAL: 0)
[2026-10-05T09:47:18.239Z] 
[2026-10-05T09:47:18.239Z] ┌────────────────────┬─────────────────────┬──────────┬──────────────┬───────────────────────────────────┬─────────────────┬──────────────────────────────────────────────────────────────┐
[2026-10-05T09:47:18.239Z] │      Library       │    Vulnerability    │ Severity │    Status    │         Installed Version         │  Fixed Version  │                            Title                             │
[2026-10-05T09:47:18.239Z] ├────────────────────┼─────────────────────┼──────────┼──────────────┼───────────────────────────────────┼─────────────────┼──────────────────────────────────────────────────────────────┤
[2026-10-05T09:47:18.239Z] │ apt                │ CVE-2011-3374       │ LOW      │ affected     │ 3.0.3                             │                 │ It was found that apt-key in apt, all versions, do not       │
[2026-10-05T09:47:18.239Z] │                    │                     │          │              │                                   │                 │ correctly...                                                 │
[2026-10-05T09:47:18.239Z] │                    │                     │          │              │                                   │                 │ https://avd.aquasec.com/nvd/cve-2011-3374                    │
[2026-10-05T09:47:18.239Z] ├────────────────────┼─────────────────────┤          │              ├───────────────────────────────────┼─────────────────┼──────────────────────────────────────────────────────────────┤
[2026-10-05T09:47:18.239Z] │ bash               │ TEMP-0841856-B18BAF │          │              │ 5.2.37-2+b10                      │                 │ [Privilege escalation possible to other user than root]      │
[2026-10-05T09:47:18.239Z] │                    │                     │          │              │                                   │                 │ https://security-tracker.debian.org/tracker/TEMP-0841856-B1- │
[2026-10-05T09:47:18.239Z] │                    │                     │          │              │                                   │                 │ 8BAF                                                         │
[2026-10-05T09:47:18.239Z] ├────────────────────┼─────────────────────┼──────────┤              ├───────────────────────────────────┼─────────────────┼──────────────────────────────────────────────────────────────┤
[2026-10-05T09:47:18.240Z] │ bsdutils           │ CVE-2026-76642      │ HIGH     │              │ 1:2.41.5-0+deb13u1                │                 │ util-linux: util-linux: failed external mount helper still   │
[2026-10-05T09:47:18.240Z] │                    │                     │          │              │                                   │                 │ runs privileged X-mount post-hooks                           │
[2026-10-05T09:47:18.240Z] │                    │                     │          │              │                                   │                 │ https://avd.aquasec.com/nvd/cve-2026-76642                   │
[2026-10-05T09:47:18.240Z] │                    ├─────────────────────┤          │              │                                   ├─────────────────┼──────────────────────────────────────────────────────────────┤
[2026-10-05T09:47:18.240Z] │                    │ CVE-2026-78408      │          │              │                                   │                 │ util-linux: util-linux: nsenter --join-cgroup leaks root     │
[2026-10-05T09:47:18.240Z] │                    │                     │          │              │                                   │                 │ cgroup migration authority                                   │
[2026-10-05T09:47:18.240Z] │                    │                     │          │              │                                   │                 │ https://avd.aquasec.com/nvd/cve-2026-78408                   │
[2026-10-05T09:47:18.240Z] │                    ├─────────────────────┤          │              │                                   ├─────────────────┼──────────────────────────────────────────────────────────────┤
[2026-10-05T09:47:18.240Z] │                    │ CVE-2026-78409      │          │              │                                   │                 │ util-linux: util-linux: X-mount.subdir detached-tree         │
[2026-10-05T09:47:18.240Z] │                    │                     │          │              │                                   │                 │ resolution can escape via intermediate symlinks              │
[2026-10-05T09:47:18.240Z] │                    │                     │          │              │                                   │                 │ https://avd.aquasec.com/nvd/cve-2026-78409                   │
[2026-10-05T09:47:18.240Z] │                    ├─────────────────────┤          │              │                                   ├─────────────────┼──────────────────────────────────────────────────────────────┤
[2026-10-05T09:47:18.240Z] │                    │ CVE-2026-78410      │          │              │                                   │                 │ util-linux: util-linux: restricted bind mounts do not pin    │
[2026-10-05T09:47:18.240Z] │                    │                     │          │              │                                   │                 │ the source, allowing X-mount.owner/group/mode...             │
[2026-10-05T09:47:18.240Z] │                    │                     │          │              │                                   │                 │ https://avd.aquasec.com/nvd/cve-2026-78410                   │
[2026-10-05T09:47:18.240Z] │                    ├─────────────────────┼──────────┤              │                                   ├─────────────────┼──────────────────────────────────────────────────────────────┤
[2026-10-05T09:47:18.240Z] │                    │ CVE-2026-3184       │ MEDIUM   │              │                                   │                 │ util-linux: util-linux: Access control bypass due to         │
[2026-10-05T09:47:18.240Z] │                    │                     │          │              │                                   │                 │ improper hostname canonicalization                           │
[2026-10-05T09:47:18.240Z] │                    │                     │          │              │                                   │                 │ https://avd.aquasec.com/nvd/cve-2026-3184                    │
[2026-10-05T09:47:18.240Z] │                    ├─────────────────────┼──────────┤              │                                   ├─────────────────┼──────────────────────────────────────────────────────────────┤
[2026-10-05T09:47:18.240Z] │                    │ CVE-2022-0563       │ LOW      │              │                                   │                 │ util-linux: partial disclosure of arbitrary files in chfn    │
[2026-10-05T09:47:18.241Z] │                    │                     │          │              │                                   │                 │ and chsh when compiled...                                    │
[2026-10-05T09:47:18.241Z] │                    │                     │          │              │                                   │                 │ https://avd.aquasec.com/nvd/cve-2022-0563                    │
[2026-10-05T09:47:18.241Z] ├────────────────────┼─────────────────────┤          │              ├───────────────────────────────────┼─────────────────┼──────────────────────────────────────────────────────────────┤
[2026-10-05T09:47:18.241Z] │ coreutils          │ CVE-2017-18018      │          │              │ 9.7-3                             │                 │ coreutils: race condition vulnerability in chown and chgrp   │
[2026-10-05T09:47:18.241Z] │                    │                     │          │              │                                   │                 │ https://avd.aquasec.com/nvd/cve-2017-18018                   │
[2026-10-05T09:47:18.241Z] │                    ├─────────────────────┤          │              │                                   ├─────────────────┼──────────────────────────────────────────────────────────────┤
[2026-10-05T09:47:18.241Z] │                    │ CVE-2025-5278       │          │              │                                   │                 │ coreutils: Heap Buffer Under-Read in GNU Coreutils sort via  │
[2026-10-05T09:47:18.241Z] │                    │                     │          │              │                                   │                 │ Key Specification                                            │
[2026-10-05T09:47:18.241Z] │                    │                     │          │              │                                   │                 │ https://avd.aquasec.com/nvd/cve-2025-5278                    │
[2026-10-05T09:47:18.241Z] │                    ├─────────────────────┤          │              │                                   ├─────────────────┼──────────────────────────────────────────────────────────────┤
[2026-10-05T09:47:18.241Z] │                    │ CVE-2026-56391      │          │              │                                   │                 │ coreutils: GNU coreutils uniq: Denial of Service and         │
[2026-10-05T09:47:18.241Z] │                    │                     │          │              │                                   │                 │ information disclosure via out-of-bounds...                  │
[2026-10-05T09:47:18.241Z] │                    │                     │          │              │                                   │                 │ https://avd.aquasec.com/nvd/cve-2026-56391                   │
[2026-10-05T09:47:18.241Z] │                    ├─────────────────────┤          │              │                                   ├─────────────────┼──────────────────────────────────────────────────────────────┤
[2026-10-05T09:47:18.241Z] │                    │ CVE-2026-56392      │          │              │                                   │                 │ coreutils: GNU coreutils unexpand: Denial of Service via     │
[2026-10-05T09:47:18.241Z] │                    │                     │          │              │                                   │                 │ crafted tab stop values...                                   │
[2026-10-05T09:47:18.241Z] │                    │                     │          │              │                                   │                 │ https://avd.aquasec.com/nvd/cve-2026-56392                   │
[2026-10-05T09:47:18.241Z] ├────────────────────┼─────────────────────┼──────────┤              ├───────────────────────────────────┼─────────────────┼──────────────────────────────────────────────────────────────┤
[2026-10-05T09:47:18.241Z] │ dash               │ CVE-2026-102473     │ MEDIUM   │              │ 0.5.12-12                         │                 │ dash: dash: Super-polynomial backtracking in pmatch when     │
[2026-10-05T09:47:18.241Z] │                    │                     │          │              │                                   │                 │ libc fnmatch is disabled                                     │
[2026-10-05T09:47:18.241Z] │                    │                     │          │              │                                   │                 │ https://avd.aquasec.com/nvd/cve-2026-102473                  │
[2026-10-05T09:47:18.241Z] │                    ├─────────────────────┼──────────┤              │                                   ├─────────────────┼──────────────────────────────────────────────────────────────┤
[2026-10-05T09:47:18.241Z] │                    │ CVE-2026-102474     │ LOW      │              │                                   │                 │ dash: dash: Heap out-of-bounds write in conv_escape via      │
[2026-10-05T09:47:18.241Z] │                    │                     │          │              │                                   │                 │ undersized Unicode escape reservation...                     │
[2026-10-05T09:47:18.241Z] │                    │                     │          │              │                                   │                 │ https://avd.aquasec.com/nvd/cve-2026-102474                  │
[2026-10-05T09:47:18.242Z] ├────────────────────┼─────────────────────┤          │              ├───────────────────────────────────┼─────────────────┼──────────────────────────────────────────────────────────────┤
[2026-10-05T09:47:18.242Z] │ diffutils          │ CVE-2026-53910      │          │              │ 1:3.10-4                          │                 │ diffutils: heap‑based buffer overflow due to multiple signed │
[2026-10-05T09:47:18.242Z] │                    │                     │          │              │                                   │                 │ integer overflows in line‑mapping...                         │
[2026-10-05T09:47:18.242Z] │                    │                     │          │              │                                   │                 │ https://avd.aquasec.com/nvd/cve-2026-53910                   │
[2026-10-05T09:47:18.242Z] ├────────────────────┼─────────────────────┼──────────┤              ├───────────────────────────────────┼─────────────────┼──────────────────────────────────────────────────────────────┤
[2026-10-05T09:47:18.242Z] │ gcc-14-base        │ CVE-2026-102010     │ MEDIUM   │              │ 14.2.0-19                         │                 │ gcc-toolset-15-gcc: gcc: gcc-toolset-16: gcc: Denial of      │
[2026-10-05T09:47:18.242Z] │                    │                     │          │              │                                   │                 │ Service via use-after-free in binary heap...                 │
[2026-10-05T09:47:18.242Z] │                    │                     │          │              │                                   │                 │ https://avd.aquasec.com/nvd/cve-2026-102010                  │
[2026-10-05T09:47:18.242Z] │                    ├─────────────────────┤          │              │                                   ├─────────────────┼──────────────────────────────────────────────────────────────┤
[2026-10-05T09:47:18.242Z] │                    │ CVE-2026-95619      │          │              │                                   │                 │ gcc: libstdc++ integer overflow in `new` operator            │
[2026-10-05T09:47:18.242Z] │                    │                     │          │              │                                   │                 │ https://avd.aquasec.com/nvd/cve-2026-95619                   │
[2026-10-05T09:47:18.242Z] ├────────────────────┼─────────────────────┼──────────┤              ├───────────────────────────────────┼─────────────────┼──────────────────────────────────────────────────────────────┤
[2026-10-05T09:47:18.242Z] │ libacl1            │ CVE-2026-54369      │ HIGH     │              │ 2.3.2-2+b1                        │                 │ acl: Symlink traversal privilege escalation via libacl       │
[2026-10-05T09:47:18.242Z] │                    │                     │          │              │                                   │                 │ functions                                                    │
[2026-10-05T09:47:18.242Z] │                    │                     │          │              │                                   │                 │ https://avd.aquasec.com/nvd/cve-2026-54369                   │
[2026-10-05T09:47:18.242Z] │                    ├─────────────────────┼──────────┤              │                                   ├─────────────────┼──────────────────────────────────────────────────────────────┤
[2026-10-05T09:47:18.242Z] │                    │ CVE-2026-54370      │ MEDIUM   │              │                                   │                 │ acl: TOCTOU Symlink Traversal via getfacl/setfacl            │
[2026-10-05T09:47:18.242Z] │                    │                     │          │              │                                   │                 │ https://avd.aquasec.com/nvd/cve-2026-54370                   │
[2026-10-05T09:47:18.242Z] ├────────────────────┼─────────────────────┼──────────┤              ├───────────────────────────────────┼─────────────────┼──────────────────────────────────────────────────────────────┤
[2026-10-05T09:47:18.242Z] │ libapt-pkg7.0      │ CVE-2011-3374       │ LOW      │              │ 3.0.3                             │                 │ It was found that apt-key in apt, all versions, do not       │
[2026-10-05T09:47:18.243Z] │                    │                     │          │              │                                   │                 │ correctly...                                                 │
[2026-10-05T09:47:18.243Z] │                    │                     │          │              │                                   │                 │ https://avd.aquasec.com/nvd/cve-2011-3374                    │
[2026-10-05T09:47:18.243Z] ├────────────────────┼─────────────────────┼──────────┤              ├───────────────────────────────────┼─────────────────┼──────────────────────────────────────────────────────────────┤
[2026-10-05T09:47:18.243Z] │ libattr1           │ CVE-2026-54371      │ MEDIUM   │              │ 1:2.5.2-3                         │                 │ attr: attr: Symlink Traversal Privilege Escalation via       │
[2026-10-05T09:47:18.243Z] │                    │                     │          │              │                                   │                 │ getfattr and setfattr                                        │
[2026-10-05T09:47:18.243Z] │                    │                     │          │              │                                   │                 │ https://avd.aquasec.com/nvd/cve-2026-54371                   │
[2026-10-05T09:47:18.243Z] ├────────────────────┼─────────────────────┼──────────┤              ├───────────────────────────────────┼─────────────────┼──────────────────────────────────────────────────────────────┤
[2026-10-05T09:47:18.243Z] │ libblkid1          │ CVE-2026-76642      │ HIGH     │              │ 2.41.5-0+deb13u1                  │                 │ util-linux: util-linux: failed external mount helper still   │
[2026-10-05T09:47:18.243Z] │                    │                     │          │              │                                   │                 │ runs privileged X-mount post-hooks                           │
[2026-10-05T09:47:18.243Z] │                    │                     │          │              │                                   │                 │ https://avd.aquasec.com/nvd/cve-2026-76642                   │
[2026-10-05T09:47:18.243Z] │                    ├─────────────────────┤          │              │                                   ├─────────────────┼──────────────────────────────────────────────────────────────┤
[2026-10-05T09:47:18.243Z] │                    │ CVE-2026-78408      │          │              │                                   │                 │ util-linux: util-linux: nsenter --join-cgroup leaks root     │
[2026-10-05T09:47:18.243Z] │                    │                     │          │              │                                   │                 │ cgroup migration authority                                   │
[2026-10-05T09:47:18.243Z] │                    │                     │          │              │                                   │                 │ https://avd.aquasec.com/nvd/cve-2026-78408                   │
[2026-10-05T09:47:18.243Z] │                    ├─────────────────────┤          │              │                                   ├─────────────────┼──────────────────────────────────────────────────────────────┤
[2026-10-05T09:47:18.243Z] │                    │ CVE-2026-78409      │          │              │                                   │                 │ util-linux: util-linux: X-mount.subdir detached-tree         │
[2026-10-05T09:47:18.243Z] │                    │                     │          │              │                                   │                 │ resolution can escape via intermediate symlinks              │
[2026-10-05T09:47:18.243Z] │                    │                     │          │              │                                   │                 │ https://avd.aquasec.com/nvd/cve-2026-78409                   │
[2026-10-05T09:47:18.243Z] │                    ├─────────────────────┤          │              │                                   ├─────────────────┼──────────────────────────────────────────────────────────────┤
[2026-10-05T09:47:18.243Z] │                    │ CVE-2026-78410      │          │              │                                   │                 │ util-linux: util-linux: restricted bind mounts do not pin    │
[2026-10-05T09:47:18.243Z] │                    │                     │          │              │                                   │                 │ the source, allowing X-mount.owner/group/mode...             │
[2026-10-05T09:47:18.243Z] │                    │                     │          │              │                                   │                 │ https://avd.aquasec.com/nvd/cve-2026-78410                   │
[2026-10-05T09:47:18.243Z] │                    ├─────────────────────┼──────────┤              │                                   ├─────────────────┼──────────────────────────────────────────────────────────────┤
[2026-10-05T09:47:18.243Z] │                    │ CVE-2026-3184       │ MEDIUM   │              │                                   │                 │ util-linux: util-linux: Access control bypass due to         │
[2026-10-05T09:47:18.244Z] │                    │                     │          │              │                                   │                 │ improper hostname canonicalization                           │
[2026-10-05T09:47:18.244Z] │                    │                     │          │              │                                   │                 │ https://avd.aquasec.com/nvd/cve-2026-3184                    │
[2026-10-05T09:47:18.244Z] │                    ├─────────────────────┼──────────┤              │                                   ├─────────────────┼──────────────────────────────────────────────────────────────┤
[2026-10-05T09:47:18.244Z] │                    │ CVE-2022-0563       │ LOW      │              │                                   │                 │ util-linux: partial disclosure of arbitrary files in chfn    │
[2026-10-05T09:47:18.244Z] │                    │                     │          │              │                                   │                 │ and chsh when compiled...                                    │
[2026-10-05T09:47:18.244Z] │                    │                     │          │              │                                   │                 │ https://avd.aquasec.com/nvd/cve-2022-0563                    │
[2026-10-05T09:47:18.244Z] ├────────────────────┼─────────────────────┼──────────┤              ├───────────────────────────────────┼─────────────────┼──────────────────────────────────────────────────────────────┤
[2026-10-05T09:47:18.244Z] │ libbz2-1.0         │ CVE-2026-42250      │ MEDIUM   │              │ 1.0.8-6                           │                 │ bzip2: bzip2: Denial of Service in bzip2recover via a        │
[2026-10-05T09:47:18.244Z] │                    │                     │          │              │                                   │                 │ specially crafted file...                                    │
[2026-10-05T09:47:18.244Z] │                    │                     │          │              │                                   │                 │ https://avd.aquasec.com/nvd/cve-2026-42250                   │
[2026-10-05T09:47:18.244Z] ├────────────────────┼─────────────────────┤          │              ├───────────────────────────────────┼─────────────────┼──────────────────────────────────────────────────────────────┤
[2026-10-05T09:47:18.244Z] │ libc-bin           │ CVE-2026-18374      │          │              │ 2.41-12+deb13u4                   │                 │ glibc: glibc: Heap buffer overflow via attacker-controlled   │
[2026-10-05T09:47:18.244Z] │                    │                     │          │              │                                   │                 │ fopen mode string                                            │
[2026-10-05T09:47:18.244Z] │                    │                     │          │              │                                   │                 │ https://avd.aquasec.com/nvd/cve-2026-18374                   │
[2026-10-05T09:47:18.244Z] │                    ├─────────────────────┤          │              │                                   ├─────────────────┼──────────────────────────────────────────────────────────────┤
[2026-10-05T09:47:18.244Z] │                    │ CVE-2026-19499      │          │              │                                   │                 │ glibc: Buffer Overflow in strfmon right-justification        │
[2026-10-05T09:47:18.244Z] │                    │                     │          │              │                                   │                 │ padding                                                      │
[2026-10-05T09:47:18.244Z] │                    │                     │          │              │                                   │                 │ https://avd.aquasec.com/nvd/cve-2026-19499                   │
[2026-10-05T09:47:18.244Z] │                    ├─────────────────────┤          │              │                                   ├─────────────────┼──────────────────────────────────────────────────────────────┤
[2026-10-05T09:47:18.244Z] │                    │ CVE-2026-19542      │          │              │                                   │                 │ glibc: Fix out-of-bounds array write in tdelete              │
[2026-10-05T09:47:18.244Z] │                    │                     │          │              │                                   │                 │ https://avd.aquasec.com/nvd/cve-2026-19542                   │
[2026-10-05T09:47:18.244Z] │                    ├─────────────────────┤          │              │                                   ├─────────────────┼──────────────────────────────────────────────────────────────┤
[2026-10-05T09:47:18.244Z] │                    │ CVE-2026-5435       │          │              │                                   │                 │ glibc: glibc: Out-of-bounds write via TSIG record processing │
[2026-10-05T09:47:18.244Z] │                    │                     │          │              │                                   │                 │ https://avd.aquasec.com/nvd/cve-2026-5435                    │
[2026-10-05T09:47:18.244Z] │                    ├─────────────────────┤          │              │                                   ├─────────────────┼──────────────────────────────────────────────────────────────┤
[2026-10-05T09:47:18.244Z] │                    │ CVE-2026-6238       │          │              │                                   │                 │ glibc: glibc: Application crash or uninitialized memory read │
[2026-10-05T09:47:18.244Z] │                    │                     │          │              │                                   │                 │ via crafted DNS response...                                  │
[2026-10-05T09:47:18.244Z] │                    │                     │          │              │                                   │                 │ https://avd.aquasec.com/nvd/cve-2026-6238                    │
[2026-10-05T09:47:18.245Z] │                    ├─────────────────────┤          │              │                                   ├─────────────────┼──────────────────────────────────────────────────────────────┤
[2026-10-05T09:47:18.245Z] │                    │ CVE-2026-6368       │          │              │                                   │                 │ glibc: glibc: Process abort due to invalid memory in wordexp │
[2026-10-05T09:47:18.245Z] │                    │                     │          │              │                                   │                 │ https://avd.aquasec.com/nvd/cve-2026-6368                    │
[2026-10-05T09:47:18.245Z] │                    ├─────────────────────┤          │              │                                   ├─────────────────┼──────────────────────────────────────────────────────────────┤
[2026-10-05T09:47:18.245Z] │                    │ CVE-2026-6791       │          │              │                                   │                 │ glibc: Glibc: Denial of Service via stack exhaustion during  │
[2026-10-05T09:47:18.245Z] │                    │                     │          │              │                                   │                 │ tilde expansion                                              │
[2026-10-05T09:47:18.245Z] │                    │                     │          │              │                                   │                 │ https://avd.aquasec.com/nvd/cve-2026-6791                    │
[2026-10-05T09:47:18.245Z] │                    ├─────────────────────┤          │              │                                   ├─────────────────┼──────────────────────────────────────────────────────────────┤
[2026-10-05T09:47:18.245Z] │                    │ CVE-2026-77117      │          │              │                                   │                 │ glibc: Non-progress DoS in SHIFT_JISX0213 -&gt               │
[2026-10-05T09:47:18.245Z] │                    │                     │          │              │                                   │                 │ https://avd.aquasec.com/nvd/cve-2026-77117                   │
[2026-10-05T09:47:18.245Z] │                    ├─────────────────────┤          │              │                                   ├─────────────────┼──────────────────────────────────────────────────────────────┤
[2026-10-05T09:47:18.245Z] │                    │ CVE-2026-80489      │          │              │                                   │                 │ glibc: Non-progress DoS in EUC_JISX0213 -> UCS-4 conversion  │
[2026-10-05T09:47:18.245Z] │                    │                     │          │              │                                   │                 │ state                                                        │
[2026-10-05T09:47:18.245Z] │                    │                     │          │              │                                   │                 │ https://avd.aquasec.com/nvd/cve-2026-80489                   │
[2026-10-05T09:47:18.245Z] │                    ├─────────────────────┤          │              │                                   ├─────────────────┼──────────────────────────────────────────────────────────────┤
[2026-10-05T09:47:18.245Z] │                    │ CVE-2026-8674       │          │              │                                   │                 │ glibc: glibc DNS stub resolver: Denial of Service via long   │
[2026-10-05T09:47:18.245Z] │                    │                     │          │              │                                   │                 │ search domain...                                             │
[2026-10-05T09:47:18.245Z] │                    │                     │          │              │                                   │                 │ https://avd.aquasec.com/nvd/cve-2026-8674                    │
[2026-10-05T09:47:18.245Z] │                    ├─────────────────────┤          │              │                                   ├─────────────────┼──────────────────────────────────────────────────────────────┤
[2026-10-05T09:47:18.245Z] │                    │ CVE-2026-86805      │          │              │                                   │                 │ glibc: glibc: Privilege escalation and arbitrary code        │
[2026-10-05T09:47:18.245Z] │                    │                     │          │              │                                   │                 │ execution via TOCTOU race condition...                       │
[2026-10-05T09:47:18.245Z] │                    │                     │          │              │                                   │                 │ https://avd.aquasec.com/nvd/cve-2026-86805                   │
[2026-10-05T09:47:18.245Z] │                    ├─────────────────────┤          │              │                                   ├─────────────────┼──────────────────────────────────────────────────────────────┤
[2026-10-05T09:47:18.245Z] │                    │ CVE-2026-89092      │          │              │                                   │                 │ glibc: nscd stack overflow leads to degraded DNS resolution  │
[2026-10-05T09:47:18.245Z] │                    │                     │          │              │                                   │                 │ https://avd.aquasec.com/nvd/cve-2026-89092                   │
[2026-10-05T09:47:18.246Z] │                    ├─────────────────────┤          │              │                                   ├─────────────────┼──────────────────────────────────────────────────────────────┤
[2026-10-05T09:47:18.246Z] │                    │ CVE-2026-95818      │          │              │                                   │                 │ glibc: glibc: Local attacker can cause denial of service and │
[2026-10-05T09:47:18.246Z] │                    │                     │          │              │                                   │                 │ information disclosure...                                    │
[2026-10-05T09:47:18.246Z] │                    │                     │          │              │                                   │                 │ https://avd.aquasec.com/nvd/cve-2026-95818                   │
[2026-10-05T09:47:18.246Z] │                    ├─────────────────────┼──────────┤              │                                   ├─────────────────┼──────────────────────────────────────────────────────────────┤
[2026-10-05T09:47:18.246Z] │                    │ CVE-2010-4756       │ LOW      │              │                                   │                 │ glibc: glob implementation can cause excessive CPU and       │
[2026-10-05T09:47:18.246Z] │                    │                     │          │              │                                   │                 │ memory consumption due to...                                 │
[2026-10-05T09:47:18.246Z] │                    │                     │          │              │                                   │                 │ https://avd.aquasec.com/nvd/cve-2010-4756                    │
[2026-10-05T09:47:18.246Z] │                    ├─────────────────────┤          │              │                                   ├─────────────────┼──────────────────────────────────────────────────────────────┤
[2026-10-05T09:47:18.246Z] │                    │ CVE-2018-20796      │          │              │                                   │                 │ glibc: uncontrolled recursion in function                    │
[2026-10-05T09:47:18.246Z] │                    │                     │          │              │                                   │                 │ check_dst_limits_calc_pos_1 in posix/regexec.c               │
[2026-10-05T09:47:18.246Z] │                    │                     │          │              │                                   │                 │ https://avd.aquasec.com/nvd/cve-2018-20796                   │
[2026-10-05T09:47:18.246Z] │                    ├─────────────────────┤          │              │                                   ├─────────────────┼──────────────────────────────────────────────────────────────┤
[2026-10-05T09:47:18.246Z] │                    │ CVE-2019-1010022    │          │              │                                   │                 │ glibc: stack guard protection bypass                         │
[2026-10-05T09:47:18.246Z] │                    │                     │          │              │                                   │                 │ https://avd.aquasec.com/nvd/cve-2019-1010022                 │
[2026-10-05T09:47:18.246Z] │                    ├─────────────────────┤          │              │                                   ├─────────────────┼──────────────────────────────────────────────────────────────┤
[2026-10-05T09:47:18.246Z] │                    │ CVE-2019-1010023    │          │              │                                   │                 │ glibc: running ldd on malicious ELF leads to code execution  │
[2026-10-05T09:47:18.246Z] │                    │                     │          │              │                                   │                 │ because of...                                                │
[2026-10-05T09:47:18.246Z] │                    │                     │          │              │                                   │                 │ https://avd.aquasec.com/nvd/cve-2019-1010023                 │
[2026-10-05T09:47:18.246Z] │                    ├─────────────────────┤          │              │                                   ├─────────────────┼──────────────────────────────────────────────────────────────┤
[2026-10-05T09:47:18.246Z] │                    │ CVE-2019-1010024    │          │              │                                   │                 │ glibc: ASLR bypass using cache of thread stack and heap      │
[2026-10-05T09:47:18.246Z] │                    │                     │          │              │                                   │                 │ https://avd.aquasec.com/nvd/cve-2019-1010024                 │
[2026-10-05T09:47:18.246Z] │                    ├─────────────────────┤          │              │                                   ├─────────────────┼──────────────────────────────────────────────────────────────┤
[2026-10-05T09:47:18.246Z] │                    │ CVE-2019-1010025    │          │              │                                   │                 │ glibc: information disclosure of heap addresses of           │
[2026-10-05T09:47:18.246Z] │                    │                     │          │              │                                   │                 │ pthread_created thread                                       │
[2026-10-05T09:47:18.246Z] │                    │                     │          │              │                                   │                 │ https://avd.aquasec.com/nvd/cve-2019-1010025                 │
[2026-10-05T09:47:18.246Z] │                    ├─────────────────────┤          │              │                                   ├─────────────────┼──────────────────────────────────────────────────────────────┤
[2026-10-05T09:47:18.246Z] │                    │ CVE-2019-9192       │          │              │                                   │                 │ glibc: uncontrolled recursion in function                    │
[2026-10-05T09:47:18.247Z] │                    │                     │          │              │                                   │                 │ check_dst_limits_calc_pos_1 in posix/regexec.c               │
[2026-10-05T09:47:18.247Z] │                    │                     │          │              │                                   │                 │ https://avd.aquasec.com/nvd/cve-2019-9192                    │
[2026-10-05T09:47:18.247Z] │                    ├─────────────────────┤          │              │                                   ├─────────────────┼──────────────────────────────────────────────────────────────┤
[2026-10-05T09:47:18.247Z] │                    │ CVE-2026-97399      │          │              │                                   │                 │ glibc: glibc: Denial of Service via out-of-bounds read in    │
[2026-10-05T09:47:18.247Z] │                    │                     │          │              │                                   │                 │ strncasecmp                                                  │
[2026-10-05T09:47:18.247Z] │                    │                     │          │              │                                   │                 │ https://avd.aquasec.com/nvd/cve-2026-97399                   │
[2026-10-05T09:47:18.247Z] ├────────────────────┼─────────────────────┼──────────┤              │                                   ├─────────────────┼──────────────────────────────────────────────────────────────┤
[2026-10-05T09:47:18.247Z] │ libc6              │ CVE-2026-18374      │ MEDIUM   │              │                                   │                 │ glibc: glibc: Heap buffer overflow via attacker-controlled   │
[2026-10-05T09:47:18.247Z] │                    │                     │          │              │                                   │                 │ fopen mode string                                            │
[2026-10-05T09:47:18.247Z] │                    │                     │          │              │                                   │                 │ https://avd.aquasec.com/nvd/cve-2026-18374                   │
[2026-10-05T09:47:18.247Z] │                    ├─────────────────────┤          │              │                                   ├─────────────────┼──────────────────────────────────────────────────────────────┤
[2026-10-05T09:47:18.247Z] │                    │ CVE-2026-19499      │          │              │                                   │                 │ glibc: Buffer Overflow in strfmon right-justification        │
[2026-10-05T09:47:18.247Z] │                    │                     │          │              │                                   │                 │ padding                                                      │
[2026-10-05T09:47:18.247Z] │                    │                     │          │              │                                   │                 │ https://avd.aquasec.com/nvd/cve-2026-19499                   │
[2026-10-05T09:47:18.247Z] │                    ├─────────────────────┤          │              │                                   ├─────────────────┼──────────────────────────────────────────────────────────────┤
[2026-10-05T09:47:18.247Z] │                    │ CVE-2026-19542      │          │              │                                   │                 │ glibc: Fix out-of-bounds array write in tdelete              │
[2026-10-05T09:47:18.247Z] │                    │                     │          │              │                                   │                 │ https://avd.aquasec.com/nvd/cve-2026-19542                   │
[2026-10-05T09:47:18.247Z] │                    ├─────────────────────┤          │              │                                   ├─────────────────┼──────────────────────────────────────────────────────────────┤
[2026-10-05T09:47:18.247Z] │                    │ CVE-2026-5435       │          │              │                                   │                 │ glibc: glibc: Out-of-bounds write via TSIG record processing │
[2026-10-05T09:47:18.247Z] │                    │                     │          │              │                                   │                 │ https://avd.aquasec.com/nvd/cve-2026-5435                    │
[2026-10-05T09:47:18.247Z] │                    ├─────────────────────┤          │              │                                   ├─────────────────┼──────────────────────────────────────────────────────────────┤
[2026-10-05T09:47:18.247Z] │                    │ CVE-2026-6238       │          │              │                                   │                 │ glibc: glibc: Application crash or uninitialized memory read │
[2026-10-05T09:47:18.247Z] │                    │                     │          │              │                                   │                 │ via crafted DNS response...                                  │
[2026-10-05T09:47:18.247Z] │                    │                     │          │              │                                   │                 │ https://avd.aquasec.com/nvd/cve-2026-6238                    │
[2026-10-05T09:47:18.247Z] │                    ├─────────────────────┤          │              │                                   ├─────────────────┼──────────────────────────────────────────────────────────────┤
[2026-10-05T09:47:18.247Z] │                    │ CVE-2026-6368       │          │              │                                   │                 │ glibc: glibc: Process abort due to invalid memory in wordexp │
[2026-10-05T09:47:18.247Z] │                    │                     │          │              │                                   │                 │ https://avd.aquasec.com/nvd/cve-2026-6368                    │
[2026-10-05T09:47:18.247Z] │                    ├─────────────────────┤          │              │                                   ├─────────────────┼──────────────────────────────────────────────────────────────┤
[2026-10-05T09:47:18.247Z] │                    │ CVE-2026-6791       │          │              │                                   │                 │ glibc: Glibc: Denial of Service via stack exhaustion during  │
[2026-10-05T09:47:18.248Z] │                    │                     │          │              │                                   │                 │ tilde expansion                                              │
[2026-10-05T09:47:18.248Z] │                    │                     │          │              │                                   │                 │ https://avd.aquasec.com/nvd/cve-2026-6791                    │
[2026-10-05T09:47:18.248Z] │                    ├─────────────────────┤          │              │                                   ├─────────────────┼──────────────────────────────────────────────────────────────┤
[2026-10-05T09:47:18.248Z] │                    │ CVE-2026-77117      │          │              │                                   │                 │ glibc: Non-progress DoS in SHIFT_JISX0213 -&gt               │
[2026-10-05T09:47:18.248Z] │                    │                     │          │              │                                   │                 │ https://avd.aquasec.com/nvd/cve-2026-77117                   │
[2026-10-05T09:47:18.248Z] │                    ├─────────────────────┤          │              │                                   ├─────────────────┼──────────────────────────────────────────────────────────────┤
[2026-10-05T09:47:18.248Z] │                    │ CVE-2026-80489      │          │              │                                   │                 │ glibc: Non-progress DoS in EUC_JISX0213 -> UCS-4 conversion  │
[2026-10-05T09:47:18.248Z] │                    │                     │          │              │                                   │                 │ state                                                        │
[2026-10-05T09:47:18.248Z] │                    │                     │          │              │                                   │                 │ https://avd.aquasec.com/nvd/cve-2026-80489                   │
[2026-10-05T09:47:18.248Z] │                    ├─────────────────────┤          │              │                                   ├─────────────────┼──────────────────────────────────────────────────────────────┤
[2026-10-05T09:47:18.248Z] │                    │ CVE-2026-8674       │          │              │                                   │                 │ glibc: glibc DNS stub resolver: Denial of Service via long   │
[2026-10-05T09:47:18.248Z] │                    │                     │          │              │                                   │                 │ search domain...                                             │
[2026-10-05T09:47:18.248Z] │                    │                     │          │              │                                   │                 │ https://avd.aquasec.com/nvd/cve-2026-8674                    │
[2026-10-05T09:47:18.248Z] │                    ├─────────────────────┤          │              │                                   ├─────────────────┼──────────────────────────────────────────────────────────────┤
[2026-10-05T09:47:18.248Z] │                    │ CVE-2026-86805      │          │              │                                   │                 │ glibc: glibc: Privilege escalation and arbitrary code        │
[2026-10-05T09:47:18.248Z] │                    │                     │          │              │                                   │                 │ execution via TOCTOU race condition...                       │
[2026-10-05T09:47:18.248Z] │                    │                     │          │              │                                   │                 │ https://avd.aquasec.com/nvd/cve-2026-86805                   │
[2026-10-05T09:47:18.248Z] │                    ├─────────────────────┤          │              │                                   ├─────────────────┼──────────────────────────────────────────────────────────────┤
[2026-10-05T09:47:18.248Z] │                    │ CVE-2026-89092      │          │              │                                   │                 │ glibc: nscd stack overflow leads to degraded DNS resolution  │
[2026-10-05T09:47:18.248Z] │                    │                     │          │              │                                   │                 │ https://avd.aquasec.com/nvd/cve-2026-89092                   │
[2026-10-05T09:47:18.248Z] │                    ├─────────────────────┤          │              │                                   ├─────────────────┼──────────────────────────────────────────────────────────────┤
[2026-10-05T09:47:18.248Z] │                    │ CVE-2026-95818      │          │              │                                   │                 │ glibc: glibc: Local attacker can cause denial of service and │
[2026-10-05T09:47:18.248Z] │                    │                     │          │              │                                   │                 │ information disclosure...                                    │
[2026-10-05T09:47:18.248Z] │                    │                     │          │              │                                   │                 │ https://avd.aquasec.com/nvd/cve-2026-95818                   │
[2026-10-05T09:47:18.248Z] │                    ├─────────────────────┼──────────┤              │                                   ├─────────────────┼──────────────────────────────────────────────────────────────┤
[2026-10-05T09:47:18.248Z] │                    │ CVE-2010-4756       │ LOW      │              │                                   │                 │ glibc: glob implementation can cause excessive CPU and       │
[2026-10-05T09:47:18.248Z] │                    │                     │          │              │                                   │                 │ memory consumption due to...                                 │
[2026-10-05T09:47:18.248Z] │                    │                     │          │              │                                   │                 │ https://avd.aquasec.com/nvd/cve-2010-4756                    │
[2026-10-05T09:47:18.248Z] │                    ├─────────────────────┤          │              │                                   ├─────────────────┼──────────────────────────────────────────────────────────────┤
[2026-10-05T09:47:18.249Z] │                    │ CVE-2018-20796      │          │              │                                   │                 │ glibc: uncontrolled recursion in function                    │
[2026-10-05T09:47:18.249Z] │                    │                     │          │              │                                   │                 │ check_dst_limits_calc_pos_1 in posix/regexec.c               │
[2026-10-05T09:47:18.249Z] │                    │                     │          │              │                                   │                 │ https://avd.aquasec.com/nvd/cve-2018-20796                   │
[2026-10-05T09:47:18.249Z] │                    ├─────────────────────┤          │              │                                   ├─────────────────┼──────────────────────────────────────────────────────────────┤
[2026-10-05T09:47:18.249Z] │                    │ CVE-2019-1010022    │          │              │                                   │                 │ glibc: stack guard protection bypass                         │
[2026-10-05T09:47:18.249Z] │                    │                     │          │              │                                   │                 │ https://avd.aquasec.com/nvd/cve-2019-1010022                 │
[2026-10-05T09:47:18.249Z] │                    ├─────────────────────┤          │              │                                   ├─────────────────┼──────────────────────────────────────────────────────────────┤
[2026-10-05T09:47:18.249Z] │                    │ CVE-2019-1010023    │          │              │                                   │                 │ glibc: running ldd on malicious ELF leads to code execution  │
[2026-10-05T09:47:18.249Z] │                    │                     │          │              │                                   │                 │ because of...                                                │
[2026-10-05T09:47:18.249Z] │                    │                     │          │              │                                   │                 │ https://avd.aquasec.com/nvd/cve-2019-1010023                 │
[2026-10-05T09:47:18.249Z] │                    ├─────────────────────┤          │              │                                   ├─────────────────┼──────────────────────────────────────────────────────────────┤
[2026-10-05T09:47:18.249Z] │                    │ CVE-2019-1010024    │          │              │                                   │                 │ glibc: ASLR bypass using cache of thread stack and heap      │
[2026-10-05T09:47:18.249Z] │                    │                     │          │              │                                   │                 │ https://avd.aquasec.com/nvd/cve-2019-1010024                 │
[2026-10-05T09:47:18.249Z] │                    ├─────────────────────┤          │              │                                   ├─────────────────┼──────────────────────────────────────────────────────────────┤
[2026-10-05T09:47:18.249Z] │                    │ CVE-2019-1010025    │          │              │                                   │                 │ glibc: information disclosure of heap addresses of           │
[2026-10-05T09:47:18.249Z] │                    │                     │          │              │                                   │                 │ pthread_created thread                                       │
[2026-10-05T09:47:18.249Z] │                    │                     │          │              │                                   │                 │ https://avd.aquasec.com/nvd/cve-2019-1010025                 │
[2026-10-05T09:47:18.249Z] │                    ├─────────────────────┤          │              │                                   ├─────────────────┼──────────────────────────────────────────────────────────────┤
[2026-10-05T09:47:18.249Z] │                    │ CVE-2019-9192       │          │              │                                   │                 │ glibc: uncontrolled recursion in function                    │
[2026-10-05T09:47:18.249Z] │                    │                     │          │              │                                   │                 │ check_dst_limits_calc_pos_1 in posix/regexec.c               │
[2026-10-05T09:47:18.249Z] │                    │                     │          │              │                                   │                 │ https://avd.aquasec.com/nvd/cve-2019-9192                    │
[2026-10-05T09:47:18.249Z] │                    ├─────────────────────┤          │              │                                   ├─────────────────┼──────────────────────────────────────────────────────────────┤
[2026-10-05T09:47:18.249Z] │                    │ CVE-2026-97399      │          │              │                                   │                 │ glibc: glibc: Denial of Service via out-of-bounds read in    │
[2026-10-05T09:47:18.249Z] │                    │                     │          │              │                                   │                 │ strncasecmp                                                  │
[2026-10-05T09:47:18.249Z] │                    │                     │          │              │                                   │                 │ https://avd.aquasec.com/nvd/cve-2026-97399                   │
[2026-10-05T09:47:18.249Z] ├────────────────────┼─────────────────────┼──────────┤              ├───────────────────────────────────┼─────────────────┼──────────────────────────────────────────────────────────────┤
[2026-10-05T09:47:18.249Z] │ libgcc-s1          │ CVE-2026-102010     │ MEDIUM   │              │ 14.2.0-19                         │                 │ gcc-toolset-15-gcc: gcc: gcc-toolset-16: gcc: Denial of      │
[2026-10-05T09:47:18.249Z] │                    │                     │          │              │                                   │                 │ Service via use-after-free in binary heap...                 │
[2026-10-05T09:47:18.250Z] │                    │                     │          │              │                                   │                 │ https://avd.aquasec.com/nvd/cve-2026-102010                  │
[2026-10-05T09:47:18.250Z] │                    ├─────────────────────┤          │              │                                   ├─────────────────┼──────────────────────────────────────────────────────────────┤
[2026-10-05T09:47:18.250Z] │                    │ CVE-2026-95619      │          │              │                                   │                 │ gcc: libstdc++ integer overflow in `new` operator            │
[2026-10-05T09:47:18.250Z] │                    │                     │          │              │                                   │                 │ https://avd.aquasec.com/nvd/cve-2026-95619                   │
[2026-10-05T09:47:18.250Z] ├────────────────────┼─────────────────────┼──────────┤              ├───────────────────────────────────┼─────────────────┼──────────────────────────────────────────────────────────────┤
[2026-10-05T09:47:18.250Z] │ liblastlog2-2      │ CVE-2026-76642      │ HIGH     │              │ 2.41.5-0+deb13u1                  │                 │ util-linux: util-linux: failed external mount helper still   │
[2026-10-05T09:47:18.250Z] │                    │                     │          │              │                                   │                 │ runs privileged X-mount post-hooks                           │
[2026-10-05T09:47:18.250Z] │                    │                     │          │              │                                   │                 │ https://avd.aquasec.com/nvd/cve-2026-76642                   │
[2026-10-05T09:47:18.250Z] │                    ├─────────────────────┤          │              │                                   ├─────────────────┼──────────────────────────────────────────────────────────────┤
[2026-10-05T09:47:18.250Z] │                    │ CVE-2026-78408      │          │              │                                   │                 │ util-linux: util-linux: nsenter --join-cgroup leaks root     │
[2026-10-05T09:47:18.250Z] │                    │                     │          │              │                                   │                 │ cgroup migration authority                                   │
[2026-10-05T09:47:18.250Z] │                    │                     │          │              │                                   │                 │ https://avd.aquasec.com/nvd/cve-2026-78408                   │
[2026-10-05T09:47:18.250Z] │                    ├─────────────────────┤          │              │                                   ├─────────────────┼──────────────────────────────────────────────────────────────┤
[2026-10-05T09:47:18.250Z] │                    │ CVE-2026-78409      │          │              │                                   │                 │ util-linux: util-linux: X-mount.subdir detached-tree         │
[2026-10-05T09:47:18.250Z] │                    │                     │          │              │                                   │                 │ resolution can escape via intermediate symlinks              │
[2026-10-05T09:47:18.250Z] │                    │                     │          │              │                                   │                 │ https://avd.aquasec.com/nvd/cve-2026-78409                   │
[2026-10-05T09:47:18.250Z] │                    ├─────────────────────┤          │              │                                   ├─────────────────┼──────────────────────────────────────────────────────────────┤
[2026-10-05T09:47:18.250Z] │                    │ CVE-2026-78410      │          │              │                                   │                 │ util-linux: util-linux: restricted bind mounts do not pin    │
[2026-10-05T09:47:18.250Z] │                    │                     │          │              │                                   │                 │ the source, allowing X-mount.owner/group/mode...             │
[2026-10-05T09:47:18.250Z] │                    │                     │          │              │                                   │                 │ https://avd.aquasec.com/nvd/cve-2026-78410                   │
[2026-10-05T09:47:18.250Z] │                    ├─────────────────────┼──────────┤              │                                   ├─────────────────┼──────────────────────────────────────────────────────────────┤
[2026-10-05T09:47:18.250Z] │                    │ CVE-2026-3184       │ MEDIUM   │              │                                   │                 │ util-linux: util-linux: Access control bypass due to         │
[2026-10-05T09:47:18.250Z] │                    │                     │          │              │                                   │                 │ improper hostname canonicalization                           │
[2026-10-05T09:47:18.250Z] │                    │                     │          │              │                                   │                 │ https://avd.aquasec.com/nvd/cve-2026-3184                    │
[2026-10-05T09:47:18.250Z] │                    ├─────────────────────┼──────────┤              │                                   ├─────────────────┼──────────────────────────────────────────────────────────────┤
[2026-10-05T09:47:18.250Z] │                    │ CVE-2022-0563       │ LOW      │              │                                   │                 │ util-linux: partial disclosure of arbitrary files in chfn    │
[2026-10-05T09:47:18.250Z] │                    │                     │          │              │                                   │                 │ and chsh when compiled...                                    │
[2026-10-05T09:47:18.250Z] │                    │                     │          │              │                                   │                 │ https://avd.aquasec.com/nvd/cve-2022-0563                    │
[2026-10-05T09:47:18.251Z] ├────────────────────┼─────────────────────┼──────────┤              ├───────────────────────────────────┼─────────────────┼──────────────────────────────────────────────────────────────┤
[2026-10-05T09:47:18.251Z] │ liblzma5           │ TEMP-1147318-639065 │ UNKNOWN  │              │ 5.8.1-1+deb13u1                   │                 │ [GHSA-5qpq-xqfv-j9pg: Invalid write if a decoder is          │
[2026-10-05T09:47:18.251Z] │                    │                     │          │              │                                   │                 │ reinitialized after allocation failure]                      │
[2026-10-05T09:47:18.251Z] │                    │                     │          │              │                                   │                 │ https://security-tracker.debian.org/tracker/TEMP-1147318-63- │
[2026-10-05T09:47:18.251Z] │                    │                     │          │              │                                   │                 │ 9065                                                         │
[2026-10-05T09:47:18.251Z] ├────────────────────┼─────────────────────┼──────────┤              ├───────────────────────────────────┼─────────────────┼──────────────────────────────────────────────────────────────┤
[2026-10-05T09:47:18.251Z] │ libmount1          │ CVE-2026-76642      │ HIGH     │              │ 2.41.5-0+deb13u1                  │                 │ util-linux: util-linux: failed external mount helper still   │
[2026-10-05T09:47:18.251Z] │                    │                     │          │              │                                   │                 │ runs privileged X-mount post-hooks                           │
[2026-10-05T09:47:18.251Z] │                    │                     │          │              │                                   │                 │ https://avd.aquasec.com/nvd/cve-2026-76642                   │
[2026-10-05T09:47:18.251Z] │                    ├─────────────────────┤          │              │                                   ├─────────────────┼──────────────────────────────────────────────────────────────┤
[2026-10-05T09:47:18.251Z] │                    │ CVE-2026-78408      │          │              │                                   │                 │ util-linux: util-linux: nsenter --join-cgroup leaks root     │
[2026-10-05T09:47:18.251Z] │                    │                     │          │              │                                   │                 │ cgroup migration authority                                   │
[2026-10-05T09:47:18.251Z] │                    │                     │          │              │                                   │                 │ https://avd.aquasec.com/nvd/cve-2026-78408                   │
[2026-10-05T09:47:18.251Z] │                    ├─────────────────────┤          │              │                                   ├─────────────────┼──────────────────────────────────────────────────────────────┤
[2026-10-05T09:47:18.251Z] │                    │ CVE-2026-78409      │          │              │                                   │                 │ util-linux: util-linux: X-mount.subdir detached-tree         │
[2026-10-05T09:47:18.251Z] │                    │                     │          │              │                                   │                 │ resolution can escape via intermediate symlinks              │
[2026-10-05T09:47:18.251Z] │                    │                     │          │              │                                   │                 │ https://avd.aquasec.com/nvd/cve-2026-78409                   │
[2026-10-05T09:47:18.251Z] │                    ├─────────────────────┤          │              │                                   ├─────────────────┼──────────────────────────────────────────────────────────────┤
[2026-10-05T09:47:18.251Z] │                    │ CVE-2026-78410      │          │              │                                   │                 │ util-linux: util-linux: restricted bind mounts do not pin    │
[2026-10-05T09:47:18.251Z] │                    │                     │          │              │                                   │                 │ the source, allowing X-mount.owner/group/mode...             │
[2026-10-05T09:47:18.251Z] │                    │                     │          │              │                                   │                 │ https://avd.aquasec.com/nvd/cve-2026-78410                   │
[2026-10-05T09:47:18.251Z] │                    ├─────────────────────┼──────────┤              │                                   ├─────────────────┼──────────────────────────────────────────────────────────────┤
[2026-10-05T09:47:18.251Z] │                    │ CVE-2026-3184       │ MEDIUM   │              │                                   │                 │ util-linux: util-linux: Access control bypass due to         │
[2026-10-05T09:47:18.251Z] │                    │                     │          │              │                                   │                 │ improper hostname canonicalization                           │
[2026-10-05T09:47:18.251Z] │                    │                     │          │              │                                   │                 │ https://avd.aquasec.com/nvd/cve-2026-3184                    │
[2026-10-05T09:47:18.251Z] │                    ├─────────────────────┼──────────┤              │                                   ├─────────────────┼──────────────────────────────────────────────────────────────┤
[2026-10-05T09:47:18.251Z] │                    │ CVE-2022-0563       │ LOW      │              │                                   │                 │ util-linux: partial disclosure of arbitrary files in chfn    │
[2026-10-05T09:47:18.251Z] │                    │                     │          │              │                                   │                 │ and chsh when compiled...                                    │
[2026-10-05T09:47:18.251Z] │                    │                     │          │              │                                   │                 │ https://avd.aquasec.com/nvd/cve-2022-0563                    │
[2026-10-05T09:47:18.251Z] ├────────────────────┼─────────────────────┼──────────┤              ├───────────────────────────────────┼─────────────────┼──────────────────────────────────────────────────────────────┤
[2026-10-05T09:47:18.251Z] │ libncursesw6       │ CVE-2025-69720      │ HIGH     │              │ 6.5+20250216-2                    │                 │ ncurses: ncurses: Buffer overflow vulnerability may lead to  │
[2026-10-05T09:47:18.252Z] │                    │                     │          │              │                                   │                 │ arbitrary code execution.                                    │
[2026-10-05T09:47:18.252Z] │                    │                     │          │              │                                   │                 │ https://avd.aquasec.com/nvd/cve-2025-69720                   │
[2026-10-05T09:47:18.252Z] │                    ├─────────────────────┼──────────┤              │                                   ├─────────────────┼──────────────────────────────────────────────────────────────┤
[2026-10-05T09:47:18.252Z] │                    │ CVE-2025-6141       │ LOW      │              │                                   │                 │ gnu-ncurses: ncurses Stack Buffer Overflow                   │
[2026-10-05T09:47:18.252Z] │                    │                     │          │              │                                   │                 │ https://avd.aquasec.com/nvd/cve-2025-6141                    │
[2026-10-05T09:47:18.252Z] ├────────────────────┼─────────────────────┼──────────┤              ├───────────────────────────────────┼─────────────────┼──────────────────────────────────────────────────────────────┤
[2026-10-05T09:47:18.252Z] │ libpam-modules     │ CVE-2026-54411      │ MEDIUM   │              │ 1.7.0-5                           │                 │ linux-pam: Plaintext password recovery via timing            │
[2026-10-05T09:47:18.252Z] │                    │                     │          │              │                                   │                 │ discrepancy in pam_userdb module                             │
[2026-10-05T09:47:18.252Z] │                    │                     │          │              │                                   │                 │ https://avd.aquasec.com/nvd/cve-2026-54411                   │
[2026-10-05T09:47:18.252Z] ├────────────────────┤                     │          │              │                                   ├─────────────────┤                                                              │
[2026-10-05T09:47:18.252Z] │ libpam-modules-bin │                     │          │              │                                   │                 │                                                              │
[2026-10-05T09:47:18.252Z] │                    │                     │          │              │                                   │                 │                                                              │
[2026-10-05T09:47:18.252Z] │                    │                     │          │              │                                   │                 │                                                              │
[2026-10-05T09:47:18.252Z] ├────────────────────┤                     │          │              │                                   ├─────────────────┤                                                              │
[2026-10-05T09:47:18.252Z] │ libpam-runtime     │                     │          │              │                                   │                 │                                                              │
[2026-10-05T09:47:18.252Z] │                    │                     │          │              │                                   │                 │                                                              │
[2026-10-05T09:47:18.252Z] │                    │                     │          │              │                                   │                 │                                                              │
[2026-10-05T09:47:18.252Z] ├────────────────────┤                     │          │              │                                   ├─────────────────┤                                                              │
[2026-10-05T09:47:18.252Z] │ libpam0g           │                     │          │              │                                   │                 │                                                              │
[2026-10-05T09:47:18.252Z] │                    │                     │          │              │                                   │                 │                                                              │
[2026-10-05T09:47:18.252Z] │                    │                     │          │              │                                   │                 │                                                              │
[2026-10-05T09:47:18.252Z] ├────────────────────┼─────────────────────┼──────────┼──────────────┼───────────────────────────────────┼─────────────────┼──────────────────────────────────────────────────────────────┤
[2026-10-05T09:47:18.252Z] │ libpcre2-8-0       │ CVE-2026-103111     │ HIGH     │ fixed        │ 10.46-1~deb13u2                   │ 10.46-1~deb13u3 │ pcre2: pcre2: Out-of-bounds write via crafted regular        │
[2026-10-05T09:47:18.252Z] │                    │                     │          │              │                                   │                 │ expression                                                   │
[2026-10-05T09:47:18.252Z] │                    │                     │          │              │                                   │                 │ https://avd.aquasec.com/nvd/cve-2026-103111                  │
[2026-10-05T09:47:18.252Z] ├────────────────────┼─────────────────────┤          ├──────────────┼───────────────────────────────────┼─────────────────┼──────────────────────────────────────────────────────────────┤
[2026-10-05T09:47:18.252Z] │ libsmartcols1      │ CVE-2026-76642      │          │ affected     │ 2.41.5-0+deb13u1                  │                 │ util-linux: util-linux: failed external mount helper still   │
[2026-10-05T09:47:18.252Z] │                    │                     │          │              │                                   │                 │ runs privileged X-mount post-hooks                           │
[2026-10-05T09:47:18.252Z] │                    │                     │          │              │                                   │                 │ https://avd.aquasec.com/nvd/cve-2026-76642                   │
[2026-10-05T09:47:18.252Z] │                    ├─────────────────────┤          │              │                                   ├─────────────────┼──────────────────────────────────────────────────────────────┤
[2026-10-05T09:47:18.252Z] │                    │ CVE-2026-78408      │          │              │                                   │                 │ util-linux: util-linux: nsenter --join-cgroup leaks root     │
[2026-10-05T09:47:18.252Z] │                    │                     │          │              │                                   │                 │ cgroup migration authority                                   │
[2026-10-05T09:47:18.253Z] │                    │                     │          │              │                                   │                 │ https://avd.aquasec.com/nvd/cve-2026-78408                   │
[2026-10-05T09:47:18.253Z] │                    ├─────────────────────┤          │              │                                   ├─────────────────┼──────────────────────────────────────────────────────────────┤
[2026-10-05T09:47:18.253Z] │                    │ CVE-2026-78409      │          │              │                                   │                 │ util-linux: util-linux: X-mount.subdir detached-tree         │
[2026-10-05T09:47:18.253Z] │                    │                     │          │              │                                   │                 │ resolution can escape via intermediate symlinks              │
[2026-10-05T09:47:18.253Z] │                    │                     │          │              │                                   │                 │ https://avd.aquasec.com/nvd/cve-2026-78409                   │
[2026-10-05T09:47:18.253Z] │                    ├─────────────────────┤          │              │                                   ├─────────────────┼──────────────────────────────────────────────────────────────┤
[2026-10-05T09:47:18.253Z] │                    │ CVE-2026-78410      │          │              │                                   │                 │ util-linux: util-linux: restricted bind mounts do not pin    │
[2026-10-05T09:47:18.253Z] │                    │                     │          │              │                                   │                 │ the source, allowing X-mount.owner/group/mode...             │
[2026-10-05T09:47:18.253Z] │                    │                     │          │              │                                   │                 │ https://avd.aquasec.com/nvd/cve-2026-78410                   │
[2026-10-05T09:47:18.253Z] │                    ├─────────────────────┼──────────┤              │                                   ├─────────────────┼──────────────────────────────────────────────────────────────┤
[2026-10-05T09:47:18.253Z] │                    │ CVE-2026-3184       │ MEDIUM   │              │                                   │                 │ util-linux: util-linux: Access control bypass due to         │
[2026-10-05T09:47:18.253Z] │                    │                     │          │              │                                   │                 │ improper hostname canonicalization                           │
[2026-10-05T09:47:18.253Z] │                    │                     │          │              │                                   │                 │ https://avd.aquasec.com/nvd/cve-2026-3184                    │
[2026-10-05T09:47:18.253Z] │                    ├─────────────────────┼──────────┤              │                                   ├─────────────────┼──────────────────────────────────────────────────────────────┤
[2026-10-05T09:47:18.253Z] │                    │ CVE-2022-0563       │ LOW      │              │                                   │                 │ util-linux: partial disclosure of arbitrary files in chfn    │
[2026-10-05T09:47:18.253Z] │                    │                     │          │              │                                   │                 │ and chsh when compiled...                                    │
[2026-10-05T09:47:18.253Z] │                    │                     │          │              │                                   │                 │ https://avd.aquasec.com/nvd/cve-2022-0563                    │
[2026-10-05T09:47:18.253Z] ├────────────────────┼─────────────────────┼──────────┤              ├───────────────────────────────────┼─────────────────┼──────────────────────────────────────────────────────────────┤
[2026-10-05T09:47:18.253Z] │ libsqlite3-0       │ CVE-2026-50812      │ MEDIUM   │              │ 3.46.1-7+deb13u2                  │                 │ sqlite: SQLite: Denial of Service via malformed changeset in │
[2026-10-05T09:47:18.253Z] │                    │                     │          │              │                                   │                 │ Session Extension                                            │
[2026-10-05T09:47:18.253Z] │                    │                     │          │              │                                   │                 │ https://avd.aquasec.com/nvd/cve-2026-50812                   │
[2026-10-05T09:47:18.253Z] │                    ├─────────────────────┤          │              │                                   ├─────────────────┼──────────────────────────────────────────────────────────────┤
[2026-10-05T09:47:18.254Z] │                    │ CVE-2026-50813      │          │              │                                   │                 │ sqlite: SQLite: Information disclosure via Session Extension │
[2026-10-05T09:47:18.254Z] │                    │                     │          │              │                                   │                 │ changeset merge path                                         │
[2026-10-05T09:47:18.254Z] │                    │                     │          │              │                                   │                 │ https://avd.aquasec.com/nvd/cve-2026-50813                   │
[2026-10-05T09:47:18.254Z] │                    ├─────────────────────┼──────────┤              │                                   ├─────────────────┼──────────────────────────────────────────────────────────────┤
[2026-10-05T09:47:18.254Z] │                    │ CVE-2021-45346      │ LOW      │              │                                   │                 │ sqlite: crafted SQL query allows a malicious user to obtain  │
[2026-10-05T09:47:18.254Z] │                    │                     │          │              │                                   │                 │ sensitive information...                                     │
[2026-10-05T09:47:18.254Z] │                    │                     │          │              │                                   │                 │ https://avd.aquasec.com/nvd/cve-2021-45346                   │
[2026-10-05T09:47:18.254Z] │                    ├─────────────────────┤          │              │                                   ├─────────────────┼──────────────────────────────────────────────────────────────┤
[2026-10-05T09:47:18.254Z] │                    │ CVE-2025-70873      │          │              │                                   │                 │ sqlite: SQLite: Information Disclosure via Crafted ZIP File  │
[2026-10-05T09:47:18.254Z] │                    │                     │          │              │                                   │                 │ https://avd.aquasec.com/nvd/cve-2025-70873                   │
[2026-10-05T09:47:18.254Z] ├────────────────────┼─────────────────────┼──────────┤              ├───────────────────────────────────┼─────────────────┼──────────────────────────────────────────────────────────────┤
[2026-10-05T09:47:18.254Z] │ libstdc++6         │ CVE-2026-102010     │ MEDIUM   │              │ 14.2.0-19                         │                 │ gcc-toolset-15-gcc: gcc: gcc-toolset-16: gcc: Denial of      │
[2026-10-05T09:47:18.254Z] │                    │                     │          │              │                                   │                 │ Service via use-after-free in binary heap...                 │
[2026-10-05T09:47:18.254Z] │                    │                     │          │              │                                   │                 │ https://avd.aquasec.com/nvd/cve-2026-102010                  │
[2026-10-05T09:47:18.254Z] │                    ├─────────────────────┤          │              │                                   ├─────────────────┼──────────────────────────────────────────────────────────────┤
[2026-10-05T09:47:18.255Z] │                    │ CVE-2026-95619      │          │              │                                   │                 │ gcc: libstdc++ integer overflow in `new` operator            │
[2026-10-05T09:47:18.255Z] │                    │                     │          │              │                                   │                 │ https://avd.aquasec.com/nvd/cve-2026-95619                   │
[2026-10-05T09:47:18.255Z] ├────────────────────┼─────────────────────┼──────────┤              ├───────────────────────────────────┼─────────────────┼──────────────────────────────────────────────────────────────┤
[2026-10-05T09:47:18.255Z] │ libsystemd0        │ CVE-2026-16742      │ HIGH     │              │ 257.13-1~deb13u1                  │                 │ systemd: systemd-homed: Local privilege escalation via       │
[2026-10-05T09:47:18.255Z] │                    │                     │          │              │                                   │                 │ missing home-record signature verification                   │
[2026-10-05T09:47:18.255Z] │                    │                     │          │              │                                   │                 │ https://avd.aquasec.com/nvd/cve-2026-16742                   │
[2026-10-05T09:47:18.255Z] │                    ├─────────────────────┼──────────┤              │                                   ├─────────────────┼──────────────────────────────────────────────────────────────┤
[2026-10-05T09:47:18.255Z] │                    │ CVE-2026-15059      │ MEDIUM   │              │                                   │                 │ systemd: systemd-oomd: Unprivileged users can terminate      │
[2026-10-05T09:47:18.255Z] │                    │                     │          │              │                                   │                 │ arbitrary processes via IPC API                              │
[2026-10-05T09:47:18.255Z] │                    │                     │          │              │                                   │                 │ https://avd.aquasec.com/nvd/cve-2026-15059                   │
[2026-10-05T09:47:18.255Z] │                    ├─────────────────────┼──────────┤              │                                   ├─────────────────┼──────────────────────────────────────────────────────────────┤
[2026-10-05T09:47:18.255Z] │                    │ CVE-2013-4392       │ LOW      │              │                                   │                 │ systemd: TOCTOU race condition when updating file            │
[2026-10-05T09:47:18.255Z] │                    │                     │          │              │                                   │                 │ permissions and SELinux security contexts...                 │
[2026-10-05T09:47:18.255Z] │                    │                     │          │              │                                   │                 │ https://avd.aquasec.com/nvd/cve-2013-4392                    │
[2026-10-05T09:47:18.255Z] │                    ├─────────────────────┤          │              │                                   ├─────────────────┼──────────────────────────────────────────────────────────────┤
[2026-10-05T09:47:18.255Z] │                    │ CVE-2023-31437      │          │              │                                   │                 │ An issue was discovered in systemd 253. An attacker can      │
[2026-10-05T09:47:18.255Z] │                    │                     │          │              │                                   │                 │ modify a...                                                  │
[2026-10-05T09:47:18.255Z] │                    │                     │          │              │                                   │                 │ https://avd.aquasec.com/nvd/cve-2023-31437                   │
[2026-10-05T09:47:18.255Z] │                    ├─────────────────────┤          │              │                                   ├─────────────────┼──────────────────────────────────────────────────────────────┤
[2026-10-05T09:47:18.255Z] │                    │ CVE-2023-31438      │          │              │                                   │                 │ An issue was discovered in systemd 253. An attacker can      │
[2026-10-05T09:47:18.255Z] │                    │                     │          │              │                                   │                 │ truncate a...                                                │
[2026-10-05T09:47:18.255Z] │                    │                     │          │              │                                   │                 │ https://avd.aquasec.com/nvd/cve-2023-31438                   │
[2026-10-05T09:47:18.256Z] │                    ├─────────────────────┤          │              │                                   ├─────────────────┼──────────────────────────────────────────────────────────────┤
[2026-10-05T09:47:18.256Z] │                    │ CVE-2023-31439      │          │              │                                   │                 │ An issue was discovered in systemd 253. An attacker can      │
[2026-10-05T09:47:18.256Z] │                    │                     │          │              │                                   │                 │ modify the...                                                │
[2026-10-05T09:47:18.256Z] │                    │                     │          │              │                                   │                 │ https://avd.aquasec.com/nvd/cve-2023-31439                   │
[2026-10-05T09:47:18.256Z] │                    ├─────────────────────┤          │              │                                   ├─────────────────┼──────────────────────────────────────────────────────────────┤
[2026-10-05T09:47:18.256Z] │                    │ CVE-2026-40228      │          │              │                                   │                 │ systemd: systemd-journald: Unintended output to user         │
[2026-10-05T09:47:18.256Z] │                    │                     │          │              │                                   │                 │ terminals via logger command                                 │
[2026-10-05T09:47:18.256Z] │                    │                     │          │              │                                   │                 │ https://avd.aquasec.com/nvd/cve-2026-40228                   │
[2026-10-05T09:47:18.256Z] ├────────────────────┼─────────────────────┼──────────┤              ├───────────────────────────────────┼─────────────────┼──────────────────────────────────────────────────────────────┤
[2026-10-05T09:47:18.256Z] │ libtinfo6          │ CVE-2025-69720      │ HIGH     │              │ 6.5+20250216-2                    │                 │ ncurses: ncurses: Buffer overflow vulnerability may lead to  │
[2026-10-05T09:47:18.256Z] │                    │                     │          │              │                                   │                 │ arbitrary code execution.                                    │
[2026-10-05T09:47:18.256Z] │                    │                     │          │              │                                   │                 │ https://avd.aquasec.com/nvd/cve-2025-69720                   │
[2026-10-05T09:47:18.256Z] │                    ├─────────────────────┼──────────┤              │                                   ├─────────────────┼──────────────────────────────────────────────────────────────┤
[2026-10-05T09:47:18.256Z] │                    │ CVE-2025-6141       │ LOW      │              │                                   │                 │ gnu-ncurses: ncurses Stack Buffer Overflow                   │
[2026-10-05T09:47:18.256Z] │                    │                     │          │              │                                   │                 │ https://avd.aquasec.com/nvd/cve-2025-6141                    │
[2026-10-05T09:47:18.256Z] ├────────────────────┼─────────────────────┼──────────┤              ├───────────────────────────────────┼─────────────────┼──────────────────────────────────────────────────────────────┤
[2026-10-05T09:47:18.256Z] │ libudev1           │ CVE-2026-16742      │ HIGH     │              │ 257.13-1~deb13u1                  │                 │ systemd: systemd-homed: Local privilege escalation via       │
[2026-10-05T09:47:18.256Z] │                    │                     │          │              │                                   │                 │ missing home-record signature verification                   │
[2026-10-05T09:47:18.256Z] │                    │                     │          │              │                                   │                 │ https://avd.aquasec.com/nvd/cve-2026-16742                   │
[2026-10-05T09:47:18.256Z] │                    ├─────────────────────┼──────────┤              │                                   ├─────────────────┼──────────────────────────────────────────────────────────────┤
[2026-10-05T09:47:18.256Z] │                    │ CVE-2026-15059      │ MEDIUM   │              │                                   │                 │ systemd: systemd-oomd: Unprivileged users can terminate      │
[2026-10-05T09:47:18.256Z] │                    │                     │          │              │                                   │                 │ arbitrary processes via IPC API                              │
[2026-10-05T09:47:18.257Z] │                    │                     │          │              │                                   │                 │ https://avd.aquasec.com/nvd/cve-2026-15059                   │
[2026-10-05T09:47:18.257Z] │                    ├─────────────────────┼──────────┤              │                                   ├─────────────────┼──────────────────────────────────────────────────────────────┤
[2026-10-05T09:47:18.257Z] │                    │ CVE-2013-4392       │ LOW      │              │                                   │                 │ systemd: TOCTOU race condition when updating file            │
[2026-10-05T09:47:18.257Z] │                    │                     │          │              │                                   │                 │ permissions and SELinux security contexts...                 │
[2026-10-05T09:47:18.257Z] │                    │                     │          │              │                                   │                 │ https://avd.aquasec.com/nvd/cve-2013-4392                    │
[2026-10-05T09:47:18.257Z] │                    ├─────────────────────┤          │              │                                   ├─────────────────┼──────────────────────────────────────────────────────────────┤
[2026-10-05T09:47:18.257Z] │                    │ CVE-2023-31437      │          │              │                                   │                 │ An issue was discovered in systemd 253. An attacker can      │
[2026-10-05T09:47:18.257Z] │                    │                     │          │              │                                   │                 │ modify a...                                                  │
[2026-10-05T09:47:18.257Z] │                    │                     │          │              │                                   │                 │ https://avd.aquasec.com/nvd/cve-2023-31437                   │
[2026-10-05T09:47:18.257Z] │                    ├─────────────────────┤          │              │                                   ├─────────────────┼──────────────────────────────────────────────────────────────┤
[2026-10-05T09:47:18.257Z] │                    │ CVE-2023-31438      │          │              │                                   │                 │ An issue was discovered in systemd 253. An attacker can      │
[2026-10-05T09:47:18.257Z] │                    │                     │          │              │                                   │                 │ truncate a...                                                │
[2026-10-05T09:47:18.257Z] │                    │                     │          │              │                                   │                 │ https://avd.aquasec.com/nvd/cve-2023-31438                   │
[2026-10-05T09:47:18.257Z] │                    ├─────────────────────┤          │              │                                   ├─────────────────┼──────────────────────────────────────────────────────────────┤
[2026-10-05T09:47:18.257Z] │                    │ CVE-2023-31439      │          │              │                                   │                 │ An issue was discovered in systemd 253. An attacker can      │
[2026-10-05T09:47:18.257Z] │                    │                     │          │              │                                   │                 │ modify the...                                                │
[2026-10-05T09:47:18.257Z] │                    │                     │          │              │                                   │                 │ https://avd.aquasec.com/nvd/cve-2023-31439                   │
[2026-10-05T09:47:18.257Z] │                    ├─────────────────────┤          │              │                                   ├─────────────────┼──────────────────────────────────────────────────────────────┤
[2026-10-05T09:47:18.257Z] │                    │ CVE-2026-40228      │          │              │                                   │                 │ systemd: systemd-journald: Unintended output to user         │
[2026-10-05T09:47:18.258Z] │                    │                     │          │              │                                   │                 │ terminals via logger command                                 │
[2026-10-05T09:47:18.258Z] │                    │                     │          │              │                                   │                 │ https://avd.aquasec.com/nvd/cve-2026-40228                   │
[2026-10-05T09:47:18.258Z] ├────────────────────┼─────────────────────┼──────────┤              ├───────────────────────────────────┼─────────────────┼──────────────────────────────────────────────────────────────┤
[2026-10-05T09:47:18.258Z] │ libuuid1           │ CVE-2026-76642      │ HIGH     │              │ 2.41.5-0+deb13u1                  │                 │ util-linux: util-linux: failed external mount helper still   │
[2026-10-05T09:47:18.258Z] │                    │                     │          │              │                                   │                 │ runs privileged X-mount post-hooks                           │
[2026-10-05T09:47:18.258Z] │                    │                     │          │              │                                   │                 │ https://avd.aquasec.com/nvd/cve-2026-76642                   │
[2026-10-05T09:47:18.258Z] │                    ├─────────────────────┤          │              │                                   ├─────────────────┼──────────────────────────────────────────────────────────────┤
[2026-10-05T09:47:18.258Z] │                    │ CVE-2026-78408      │          │              │                                   │                 │ util-linux: util-linux: nsenter --join-cgroup leaks root     │
[2026-10-05T09:47:18.258Z] │                    │                     │          │              │                                   │                 │ cgroup migration authority                                   │
[2026-10-05T09:47:18.258Z] │                    │                     │          │              │                                   │                 │ https://avd.aquasec.com/nvd/cve-2026-78408                   │
[2026-10-05T09:47:18.258Z] │                    ├─────────────────────┤          │              │                                   ├─────────────────┼──────────────────────────────────────────────────────────────┤
[2026-10-05T09:47:18.258Z] │                    │ CVE-2026-78409      │          │              │                                   │                 │ util-linux: util-linux: X-mount.subdir detached-tree         │
[2026-10-05T09:47:18.258Z] │                    │                     │          │              │                                   │                 │ resolution can escape via intermediate symlinks              │
[2026-10-05T09:47:18.258Z] │                    │                     │          │              │                                   │                 │ https://avd.aquasec.com/nvd/cve-2026-78409                   │
[2026-10-05T09:47:18.258Z] │                    ├─────────────────────┤          │              │                                   ├─────────────────┼──────────────────────────────────────────────────────────────┤
[2026-10-05T09:47:18.258Z] │                    │ CVE-2026-78410      │          │              │                                   │                 │ util-linux: util-linux: restricted bind mounts do not pin    │
[2026-10-05T09:47:18.259Z] │                    │                     │          │              │                                   │                 │ the source, allowing X-mount.owner/group/mode...             │
[2026-10-05T09:47:18.259Z] │                    │                     │          │              │                                   │                 │ https://avd.aquasec.com/nvd/cve-2026-78410                   │
[2026-10-05T09:47:18.259Z] │                    ├─────────────────────┼──────────┤              │                                   ├─────────────────┼──────────────────────────────────────────────────────────────┤
[2026-10-05T09:47:18.259Z] │                    │ CVE-2026-3184       │ MEDIUM   │              │                                   │                 │ util-linux: util-linux: Access control bypass due to         │
[2026-10-05T09:47:18.259Z] │                    │                     │          │              │                                   │                 │ improper hostname canonicalization                           │
[2026-10-05T09:47:18.259Z] │                    │                     │          │              │                                   │                 │ https://avd.aquasec.com/nvd/cve-2026-3184                    │
[2026-10-05T09:47:18.259Z] │                    ├─────────────────────┼──────────┤              │                                   ├─────────────────┼──────────────────────────────────────────────────────────────┤
[2026-10-05T09:47:18.259Z] │                    │ CVE-2022-0563       │ LOW      │              │                                   │                 │ util-linux: partial disclosure of arbitrary files in chfn    │
[2026-10-05T09:47:18.259Z] │                    │                     │          │              │                                   │                 │ and chsh when compiled...                                    │
[2026-10-05T09:47:18.259Z] │                    │                     │          │              │                                   │                 │ https://avd.aquasec.com/nvd/cve-2022-0563                    │
[2026-10-05T09:47:18.259Z] ├────────────────────┼─────────────────────┼──────────┤              ├───────────────────────────────────┼─────────────────┼──────────────────────────────────────────────────────────────┤
[2026-10-05T09:47:18.259Z] │ login              │ CVE-2026-76642      │ HIGH     │              │ 1:4.16.0-2+really2.41.5-0+deb13u1 │                 │ util-linux: util-linux: failed external mount helper still   │
[2026-10-05T09:47:18.259Z] │                    │                     │          │              │                                   │                 │ runs privileged X-mount post-hooks                           │
[2026-10-05T09:47:18.259Z] │                    │                     │          │              │                                   │                 │ https://avd.aquasec.com/nvd/cve-2026-76642                   │
[2026-10-05T09:47:18.259Z] │                    ├─────────────────────┤          │              │                                   ├─────────────────┼──────────────────────────────────────────────────────────────┤
[2026-10-05T09:47:18.259Z] │                    │ CVE-2026-78408      │          │              │                                   │                 │ util-linux: util-linux: nsenter --join-cgroup leaks root     │
[2026-10-05T09:47:18.259Z] │                    │                     │          │              │                                   │                 │ cgroup migration authority                                   │
[2026-10-05T09:47:18.259Z] │                    │                     │          │              │                                   │                 │ https://avd.aquasec.com/nvd/cve-2026-78408                   │
[2026-10-05T09:47:18.259Z] │                    ├─────────────────────┤          │              │                                   ├─────────────────┼──────────────────────────────────────────────────────────────┤
[2026-10-05T09:47:18.259Z] │                    │ CVE-2026-78409      │          │              │                                   │                 │ util-linux: util-linux: X-mount.subdir detached-tree         │
[2026-10-05T09:47:18.260Z] │                    │                     │          │              │                                   │                 │ resolution can escape via intermediate symlinks              │
[2026-10-05T09:47:18.260Z] │                    │                     │          │              │                                   │                 │ https://avd.aquasec.com/nvd/cve-2026-78409                   │
[2026-10-05T09:47:18.260Z] │                    ├─────────────────────┤          │              │                                   ├─────────────────┼──────────────────────────────────────────────────────────────┤
[2026-10-05T09:47:18.260Z] │                    │ CVE-2026-78410      │          │              │                                   │                 │ util-linux: util-linux: restricted bind mounts do not pin    │
[2026-10-05T09:47:18.260Z] │                    │                     │          │              │                                   │                 │ the source, allowing X-mount.owner/group/mode...             │
[2026-10-05T09:47:18.260Z] │                    │                     │          │              │                                   │                 │ https://avd.aquasec.com/nvd/cve-2026-78410                   │
[2026-10-05T09:47:18.260Z] │                    ├─────────────────────┼──────────┤              │                                   ├─────────────────┼──────────────────────────────────────────────────────────────┤
[2026-10-05T09:47:18.260Z] │                    │ CVE-2026-3184       │ MEDIUM   │              │                                   │                 │ util-linux: util-linux: Access control bypass due to         │
[2026-10-05T09:47:18.260Z] │                    │                     │          │              │                                   │                 │ improper hostname canonicalization                           │
[2026-10-05T09:47:18.260Z] │                    │                     │          │              │                                   │                 │ https://avd.aquasec.com/nvd/cve-2026-3184                    │
[2026-10-05T09:47:18.260Z] │                    ├─────────────────────┼──────────┤              │                                   ├─────────────────┼──────────────────────────────────────────────────────────────┤
[2026-10-05T09:47:18.260Z] │                    │ CVE-2022-0563       │ LOW      │              │                                   │                 │ util-linux: partial disclosure of arbitrary files in chfn    │
[2026-10-05T09:47:18.260Z] │                    │                     │          │              │                                   │                 │ and chsh when compiled...                                    │
[2026-10-05T09:47:18.260Z] │                    │                     │          │              │                                   │                 │ https://avd.aquasec.com/nvd/cve-2022-0563                    │
[2026-10-05T09:47:18.260Z] ├────────────────────┼─────────────────────┤          │              ├───────────────────────────────────┼─────────────────┼──────────────────────────────────────────────────────────────┤
[2026-10-05T09:47:18.260Z] │ login.defs         │ CVE-2007-5686       │          │              │ 1:4.17.4-2                        │                 │ initscripts in rPath Linux 1 sets insecure permissions for   │
[2026-10-05T09:47:18.260Z] │                    │                     │          │              │                                   │                 │ the /var/lo ......                                           │
[2026-10-05T09:47:18.260Z] │                    │                     │          │              │                                   │                 │ https://avd.aquasec.com/nvd/cve-2007-5686                    │
[2026-10-05T09:47:18.260Z] │                    ├─────────────────────┤          │              │                                   ├─────────────────┼──────────────────────────────────────────────────────────────┤
[2026-10-05T09:47:18.260Z] │                    │ CVE-2024-56433      │          │              │                                   │                 │ shadow-utils: Default subordinate ID configuration in        │
[2026-10-05T09:47:18.260Z] │                    │                     │          │              │                                   │                 │ /etc/login.defs could lead to compromise                     │
[2026-10-05T09:47:18.261Z] │                    │                     │          │              │                                   │                 │ https://avd.aquasec.com/nvd/cve-2024-56433                   │
[2026-10-05T09:47:18.261Z] │                    ├─────────────────────┤          │              │                                   ├─────────────────┼──────────────────────────────────────────────────────────────┤
[2026-10-05T09:47:18.261Z] │                    │ TEMP-0628843-DBAD28 │          │              │                                   │                 │ [more related to CVE-2005-4890]                              │
[2026-10-05T09:47:18.261Z] │                    │                     │          │              │                                   │                 │ https://security-tracker.debian.org/tracker/TEMP-0628843-DB- │
[2026-10-05T09:47:18.261Z] │                    │                     │          │              │                                   │                 │ AD28                                                         │
[2026-10-05T09:47:18.261Z] ├────────────────────┼─────────────────────┼──────────┤              ├───────────────────────────────────┼─────────────────┼──────────────────────────────────────────────────────────────┤
[2026-10-05T09:47:18.261Z] │ mount              │ CVE-2026-76642      │ HIGH     │              │ 2.41.5-0+deb13u1                  │                 │ util-linux: util-linux: failed external mount helper still   │
[2026-10-05T09:47:18.261Z] │                    │                     │          │              │                                   │                 │ runs privileged X-mount post-hooks                           │
[2026-10-05T09:47:18.261Z] │                    │                     │          │              │                                   │                 │ https://avd.aquasec.com/nvd/cve-2026-76642                   │
[2026-10-05T09:47:18.261Z] │                    ├─────────────────────┤          │              │                                   ├─────────────────┼──────────────────────────────────────────────────────────────┤
[2026-10-05T09:47:18.261Z] │                    │ CVE-2026-78408      │          │              │                                   │                 │ util-linux: util-linux: nsenter --join-cgroup leaks root     │
[2026-10-05T09:47:18.261Z] │                    │                     │          │              │                                   │                 │ cgroup migration authority                                   │
[2026-10-05T09:47:18.261Z] │                    │                     │          │              │                                   │                 │ https://avd.aquasec.com/nvd/cve-2026-78408                   │
[2026-10-05T09:47:18.261Z] │                    ├─────────────────────┤          │              │                                   ├─────────────────┼──────────────────────────────────────────────────────────────┤
[2026-10-05T09:47:18.261Z] │                    │ CVE-2026-78409      │          │              │                                   │                 │ util-linux: util-linux: X-mount.subdir detached-tree         │
[2026-10-05T09:47:18.261Z] │                    │                     │          │              │                                   │                 │ resolution can escape via intermediate symlinks              │
[2026-10-05T09:47:18.261Z] │                    │                     │          │              │                                   │                 │ https://avd.aquasec.com/nvd/cve-2026-78409                   │
[2026-10-05T09:47:18.261Z] │                    ├─────────────────────┤          │              │                                   ├─────────────────┼──────────────────────────────────────────────────────────────┤
[2026-10-05T09:47:18.262Z] │                    │ CVE-2026-78410      │          │              │                                   │                 │ util-linux: util-linux: restricted bind mounts do not pin    │
[2026-10-05T09:47:18.262Z] │                    │                     │          │              │                                   │                 │ the source, allowing X-mount.owner/group/mode...             │
[2026-10-05T09:47:18.262Z] │                    │                     │          │              │                                   │                 │ https://avd.aquasec.com/nvd/cve-2026-78410                   │
[2026-10-05T09:47:18.262Z] │                    ├─────────────────────┼──────────┤              │                                   ├─────────────────┼──────────────────────────────────────────────────────────────┤
[2026-10-05T09:47:18.262Z] │                    │ CVE-2026-3184       │ MEDIUM   │              │                                   │                 │ util-linux: util-linux: Access control bypass due to         │
[2026-10-05T09:47:18.262Z] │                    │                     │          │              │                                   │                 │ improper hostname canonicalization                           │
[2026-10-05T09:47:18.262Z] │                    │                     │          │              │                                   │                 │ https://avd.aquasec.com/nvd/cve-2026-3184                    │
[2026-10-05T09:47:18.262Z] │                    ├─────────────────────┼──────────┤              │                                   ├─────────────────┼──────────────────────────────────────────────────────────────┤
[2026-10-05T09:47:18.262Z] │                    │ CVE-2022-0563       │ LOW      │              │                                   │                 │ util-linux: partial disclosure of arbitrary files in chfn    │
[2026-10-05T09:47:18.262Z] │                    │                     │          │              │                                   │                 │ and chsh when compiled...                                    │
[2026-10-05T09:47:18.262Z] │                    │                     │          │              │                                   │                 │ https://avd.aquasec.com/nvd/cve-2022-0563                    │
[2026-10-05T09:47:18.262Z] ├────────────────────┼─────────────────────┼──────────┤              ├───────────────────────────────────┼─────────────────┼──────────────────────────────────────────────────────────────┤
[2026-10-05T09:47:18.262Z] │ ncurses-base       │ CVE-2025-69720      │ HIGH     │              │ 6.5+20250216-2                    │                 │ ncurses: ncurses: Buffer overflow vulnerability may lead to  │
[2026-10-05T09:47:18.262Z] │                    │                     │          │              │                                   │                 │ arbitrary code execution.                                    │
[2026-10-05T09:47:18.262Z] │                    │                     │          │              │                                   │                 │ https://avd.aquasec.com/nvd/cve-2025-69720                   │
[2026-10-05T09:47:18.262Z] │                    ├─────────────────────┼──────────┤              │                                   ├─────────────────┼──────────────────────────────────────────────────────────────┤
[2026-10-05T09:47:18.262Z] │                    │ CVE-2025-6141       │ LOW      │              │                                   │                 │ gnu-ncurses: ncurses Stack Buffer Overflow                   │
[2026-10-05T09:47:18.262Z] │                    │                     │          │              │                                   │                 │ https://avd.aquasec.com/nvd/cve-2025-6141                    │
[2026-10-05T09:47:18.262Z] ├────────────────────┼─────────────────────┼──────────┤              │                                   ├─────────────────┼──────────────────────────────────────────────────────────────┤
[2026-10-05T09:47:18.262Z] │ ncurses-bin        │ CVE-2025-69720      │ HIGH     │              │                                   │                 │ ncurses: ncurses: Buffer overflow vulnerability may lead to  │
[2026-10-05T09:47:18.263Z] │                    │                     │          │              │                                   │                 │ arbitrary code execution.                                    │
[2026-10-05T09:47:18.263Z] │                    │                     │          │              │                                   │                 │ https://avd.aquasec.com/nvd/cve-2025-69720                   │
[2026-10-05T09:47:18.263Z] │                    ├─────────────────────┼──────────┤              │                                   ├─────────────────┼──────────────────────────────────────────────────────────────┤
[2026-10-05T09:47:18.263Z] │                    │ CVE-2025-6141       │ LOW      │              │                                   │                 │ gnu-ncurses: ncurses Stack Buffer Overflow                   │
[2026-10-05T09:47:18.263Z] │                    │                     │          │              │                                   │                 │ https://avd.aquasec.com/nvd/cve-2025-6141                    │
[2026-10-05T09:47:18.263Z] ├────────────────────┼─────────────────────┤          │              ├───────────────────────────────────┼─────────────────┼──────────────────────────────────────────────────────────────┤
[2026-10-05T09:47:18.263Z] │ passwd             │ CVE-2007-5686       │          │              │ 1:4.17.4-2                        │                 │ initscripts in rPath Linux 1 sets insecure permissions for   │
[2026-10-05T09:47:18.263Z] │                    │                     │          │              │                                   │                 │ the /var/lo ......                                           │
[2026-10-05T09:47:18.263Z] │                    │                     │          │              │                                   │                 │ https://avd.aquasec.com/nvd/cve-2007-5686                    │
[2026-10-05T09:47:18.263Z] │                    ├─────────────────────┤          │              │                                   ├─────────────────┼──────────────────────────────────────────────────────────────┤
[2026-10-05T09:47:18.263Z] │                    │ CVE-2024-56433      │          │              │                                   │                 │ shadow-utils: Default subordinate ID configuration in        │
[2026-10-05T09:47:18.263Z] │                    │                     │          │              │                                   │                 │ /etc/login.defs could lead to compromise                     │
[2026-10-05T09:47:18.263Z] │                    │                     │          │              │                                   │                 │ https://avd.aquasec.com/nvd/cve-2024-56433                   │
[2026-10-05T09:47:18.263Z] │                    ├─────────────────────┤          │              │                                   ├─────────────────┼──────────────────────────────────────────────────────────────┤
[2026-10-05T09:47:18.263Z] │                    │ TEMP-0628843-DBAD28 │          │              │                                   │                 │ [more related to CVE-2005-4890]                              │
[2026-10-05T09:47:18.263Z] │                    │                     │          │              │                                   │                 │ https://security-tracker.debian.org/tracker/TEMP-0628843-DB- │
[2026-10-05T09:47:18.263Z] │                    │                     │          │              │                                   │                 │ AD28                                                         │
[2026-10-05T09:47:18.263Z] ├────────────────────┼─────────────────────┼──────────┼──────────────┼───────────────────────────────────┼─────────────────┼──────────────────────────────────────────────────────────────┤
[2026-10-05T09:47:18.264Z] │ perl-base          │ CVE-2026-9538       │ HIGH     │ fix_deferred │ 5.40.1-6+deb13u1                  │                 │ perl-Archive-Tar: perl-Archive-Tar: Denial of Service via    │
[2026-10-05T09:47:18.264Z] │                    │                     │          │              │                                   │                 │ crafted tar header with large entry...                       │
[2026-10-05T09:47:18.264Z] │                    │                     │          │              │                                   │                 │ https://avd.aquasec.com/nvd/cve-2026-9538                    │
[2026-10-05T09:47:18.264Z] │                    ├─────────────────────┼──────────┤              │                                   ├─────────────────┼──────────────────────────────────────────────────────────────┤
[2026-10-05T09:47:18.264Z] │                    │ CVE-2026-15534      │ MEDIUM   │              │                                   │                 │ perl: Perl: Arbitrary code execution via out-of-bounds       │
[2026-10-05T09:47:18.264Z] │                    │                     │          │              │                                   │                 │ memory access in regular expression...                       │
[2026-10-05T09:47:18.264Z] │                    │                     │          │              │                                   │                 │ https://avd.aquasec.com/nvd/cve-2026-15534                   │
[2026-10-05T09:47:18.264Z] │                    ├─────────────────────┤          ├──────────────┤                                   ├─────────────────┼──────────────────────────────────────────────────────────────┤
[2026-10-05T09:47:18.264Z] │                    │ CVE-2026-19487      │          │ affected     │                                   │                 │ perl: Perl: Incorrect regular expression matching can lead   │
[2026-10-05T09:47:18.264Z] │                    │                     │          │              │                                   │                 │ to wrong access or...                                        │
[2026-10-05T09:47:18.264Z] │                    │                     │          │              │                                   │                 │ https://avd.aquasec.com/nvd/cve-2026-19487                   │
[2026-10-05T09:47:18.264Z] │                    ├─────────────────────┼──────────┤              │                                   ├─────────────────┼──────────────────────────────────────────────────────────────┤
[2026-10-05T09:47:18.264Z] │                    │ CVE-2011-4116       │ LOW      │              │                                   │                 │ perl: File:: Temp insecure temporary file handling           │
[2026-10-05T09:47:18.264Z] │                    │                     │          │              │                                   │                 │ https://avd.aquasec.com/nvd/cve-2011-4116                    │
[2026-10-05T09:47:18.264Z] │                    ├─────────────────────┼──────────┤              │                                   ├─────────────────┼──────────────────────────────────────────────────────────────┤
[2026-10-05T09:47:18.264Z] │                    │ CVE-2026-82560      │ UNKNOWN  │              │                                   │                 │ Pod::Text versions before 6.1.1 for Perl allow CPU and       │
[2026-10-05T09:47:18.264Z] │                    │                     │          │              │                                   │                 │ memory exhausti ......                                       │
[2026-10-05T09:47:18.264Z] │                    │                     │          │              │                                   │                 │ https://avd.aquasec.com/nvd/cve-2026-82560                   │
[2026-10-05T09:47:18.264Z] ├────────────────────┼─────────────────────┼──────────┤              ├───────────────────────────────────┼─────────────────┼──────────────────────────────────────────────────────────────┤
[2026-10-05T09:47:18.264Z] │ sysvinit-utils     │ TEMP-0517018-A83CE6 │ LOW      │              │ 3.14-4                            │                 │ [sysvinit: no-root option in expert installer exposes        │
[2026-10-05T09:47:18.264Z] │                    │                     │          │              │                                   │                 │ locally exploitable security flaw]                           │
[2026-10-05T09:47:18.264Z] │                    │                     │          │              │                                   │                 │ https://security-tracker.debian.org/tracker/TEMP-0517018-A8- │
[2026-10-05T09:47:18.264Z] │                    │                     │          │              │                                   │                 │ 3CE6                                                         │
[2026-10-05T09:47:18.264Z] ├────────────────────┼─────────────────────┼──────────┤              ├───────────────────────────────────┼─────────────────┼──────────────────────────────────────────────────────────────┤
[2026-10-05T09:47:18.264Z] │ tar                │ CVE-2026-18477      │ MEDIUM   │              │ 1.35+dfsg-3.1                     │                 │ tar: tar: TOCTOU in incremental dumpdir 'X' rename handling  │
[2026-10-05T09:47:18.264Z] │                    │                     │          │              │                                   │                 │ allows restore path...                                       │
[2026-10-05T09:47:18.264Z] │                    │                     │          │              │                                   │                 │ https://avd.aquasec.com/nvd/cve-2026-18477                   │
[2026-10-05T09:47:18.264Z] │                    ├─────────────────────┤          │              │                                   ├─────────────────┼──────────────────────────────────────────────────────────────┤
[2026-10-05T09:47:18.264Z] │                    │ CVE-2026-18508      │          │              │                                   │                 │ tar: tar: --one-top-level hardlink targets not confined to   │
[2026-10-05T09:47:18.265Z] │                    │                     │          │              │                                   │                 │ top-level directory enabling arbitrary...                    │
[2026-10-05T09:47:18.265Z] │                    │                     │          │              │                                   │                 │ https://avd.aquasec.com/nvd/cve-2026-18508                   │
[2026-10-05T09:47:18.265Z] │                    ├─────────────────────┤          │              │                                   ├─────────────────┼──────────────────────────────────────────────────────────────┤
[2026-10-05T09:47:18.265Z] │                    │ CVE-2026-5704       │          │              │                                   │                 │ tar: tar: Hidden file injection via crafted archives         │
[2026-10-05T09:47:18.265Z] │                    │                     │          │              │                                   │                 │ https://avd.aquasec.com/nvd/cve-2026-5704                    │
[2026-10-05T09:47:18.265Z] │                    ├─────────────────────┼──────────┤              │                                   ├─────────────────┼──────────────────────────────────────────────────────────────┤
[2026-10-05T09:47:18.265Z] │                    │ CVE-2005-2541       │ LOW      │              │                                   │                 │ tar: does not properly warn the user when extracting setuid  │
[2026-10-05T09:47:18.265Z] │                    │                     │          │              │                                   │                 │ or setgid...                                                 │
[2026-10-05T09:47:18.265Z] │                    │                     │          │              │                                   │                 │ https://avd.aquasec.com/nvd/cve-2005-2541                    │
[2026-10-05T09:47:18.265Z] │                    ├─────────────────────┤          │              │                                   ├─────────────────┼──────────────────────────────────────────────────────────────┤
[2026-10-05T09:47:18.265Z] │                    │ TEMP-0290435-0B57B5 │          │              │                                   │                 │ [tar's rmt command may have undesired side effects]          │
[2026-10-05T09:47:18.265Z] │                    │                     │          │              │                                   │                 │ https://security-tracker.debian.org/tracker/TEMP-0290435-0B- │
[2026-10-05T09:47:18.265Z] │                    │                     │          │              │                                   │                 │ 57B5                                                         │
[2026-10-05T09:47:18.265Z] ├────────────────────┼─────────────────────┼──────────┤              ├───────────────────────────────────┼─────────────────┼──────────────────────────────────────────────────────────────┤
[2026-10-05T09:47:18.265Z] │ util-linux         │ CVE-2026-76642      │ HIGH     │              │ 2.41.5-0+deb13u1                  │                 │ util-linux: util-linux: failed external mount helper still   │
[2026-10-05T09:47:18.265Z] │                    │                     │          │              │                                   │                 │ runs privileged X-mount post-hooks                           │
[2026-10-05T09:47:18.265Z] │                    │                     │          │              │                                   │                 │ https://avd.aquasec.com/nvd/cve-2026-76642                   │
[2026-10-05T09:47:18.265Z] │                    ├─────────────────────┤          │              │                                   ├─────────────────┼──────────────────────────────────────────────────────────────┤
[2026-10-05T09:47:18.265Z] │                    │ CVE-2026-78408      │          │              │                                   │                 │ util-linux: util-linux: nsenter --join-cgroup leaks root     │
[2026-10-05T09:47:18.265Z] │                    │                     │          │              │                                   │                 │ cgroup migration authority                                   │
[2026-10-05T09:47:18.265Z] │                    │                     │          │              │                                   │                 │ https://avd.aquasec.com/nvd/cve-2026-78408                   │
[2026-10-05T09:47:18.265Z] │                    ├─────────────────────┤          │              │                                   ├─────────────────┼──────────────────────────────────────────────────────────────┤
[2026-10-05T09:47:18.266Z] │                    │ CVE-2026-78409      │          │              │                                   │                 │ util-linux: util-linux: X-mount.subdir detached-tree         │
[2026-10-05T09:47:18.266Z] │                    │                     │          │              │                                   │                 │ resolution can escape via intermediate symlinks              │
[2026-10-05T09:47:18.266Z] │                    │                     │          │              │                                   │                 │ https://avd.aquasec.com/nvd/cve-2026-78409                   │
[2026-10-05T09:47:18.266Z] │                    ├─────────────────────┤          │              │                                   ├─────────────────┼──────────────────────────────────────────────────────────────┤
[2026-10-05T09:47:18.266Z] │                    │ CVE-2026-78410      │          │              │                                   │                 │ util-linux: util-linux: restricted bind mounts do not pin    │
[2026-10-05T09:47:18.266Z] │                    │                     │          │              │                                   │                 │ the source, allowing X-mount.owner/group/mode...             │
[2026-10-05T09:47:18.266Z] │                    │                     │          │              │                                   │                 │ https://avd.aquasec.com/nvd/cve-2026-78410                   │
[2026-10-05T09:47:18.266Z] │                    ├─────────────────────┼──────────┤              │                                   ├─────────────────┼──────────────────────────────────────────────────────────────┤
[2026-10-05T09:47:18.266Z] │                    │ CVE-2026-3184       │ MEDIUM   │              │                                   │                 │ util-linux: util-linux: Access control bypass due to         │
[2026-10-05T09:47:18.266Z] │                    │                     │          │              │                                   │                 │ improper hostname canonicalization                           │
[2026-10-05T09:47:18.266Z] │                    │                     │          │              │                                   │                 │ https://avd.aquasec.com/nvd/cve-2026-3184                    │
[2026-10-05T09:47:18.266Z] │                    ├─────────────────────┼──────────┤              │                                   ├─────────────────┼──────────────────────────────────────────────────────────────┤
[2026-10-05T09:47:18.266Z] │                    │ CVE-2022-0563       │ LOW      │              │                                   │                 │ util-linux: partial disclosure of arbitrary files in chfn    │
[2026-10-05T09:47:18.266Z] │                    │                     │          │              │                                   │                 │ and chsh when compiled...                                    │
[2026-10-05T09:47:18.266Z] │                    │                     │          │              │                                   │                 │ https://avd.aquasec.com/nvd/cve-2022-0563                    │
[2026-10-05T09:47:18.266Z] ├────────────────────┼─────────────────────┼──────────┤              ├───────────────────────────────────┼─────────────────┼──────────────────────────────────────────────────────────────┤
[2026-10-05T09:47:18.266Z] │ zlib1g             │ CVE-2026-27171      │ MEDIUM   │              │ 1:1.3.dfsg+really1.3.1-1+b1       │                 │ zlib: zlib: Denial of Service via infinite loop in CRC32     │
[2026-10-05T09:47:18.266Z] │                    │                     │          │              │                                   │                 │ combine functions...                                         │
[2026-10-05T09:47:18.266Z] │                    │                     │          │              │                                   │                 │ https://avd.aquasec.com/nvd/cve-2026-27171                   │
[2026-10-05T09:47:18.266Z] │                    ├─────────────────────┤          │              │                                   ├─────────────────┼──────────────────────────────────────────────────────────────┤
[2026-10-05T09:47:18.266Z] │                    │ CVE-2026-85091      │          │              │                                   │                 │ zlib versions 1.3.1.2 through 1.3.2 contain a heap buffer    │
[2026-10-05T09:47:18.266Z] │                    │                     │          │              │                                   │                 │ overflow vul ......                                          │
[2026-10-05T09:47:18.266Z] │                    │                     │          │              │                                   │                 │ https://avd.aquasec.com/nvd/cve-2026-85091                   │
[2026-10-05T09:47:18.267Z] └────────────────────┴─────────────────────┴──────────┴──────────────┴───────────────────────────────────┴─────────────────┴──────────────────────────────────────────────────────────────┘
[2026-10-05T09:47:18.267Z] 
[2026-10-05T09:47:18.267Z] Python (python-pkg)
[2026-10-05T09:47:18.267Z] ===================
[2026-10-05T09:47:18.267Z] Total: 13 (UNKNOWN: 0, LOW: 2, MEDIUM: 8, HIGH: 3, CRITICAL: 0)
[2026-10-05T09:47:18.267Z] 
[2026-10-05T09:47:18.267Z] ┌──────────────────────┬────────────────┬──────────┬────────┬───────────────────┬───────────────┬──────────────────────────────────────────────────────────────┐
[2026-10-05T09:47:18.267Z] │       Library        │ Vulnerability  │ Severity │ Status │ Installed Version │ Fixed Version │                            Title                             │
[2026-10-05T09:47:18.267Z] ├──────────────────────┼────────────────┼──────────┼────────┼───────────────────┼───────────────┼──────────────────────────────────────────────────────────────┤
[2026-10-05T09:47:18.267Z] │ pip (METADATA)       │ CVE-2025-8869  │ MEDIUM   │ fixed  │ 25.0.1            │ 25.3          │ pip: pip missing checks on symbolic link extraction          │
[2026-10-05T09:47:18.267Z] │                      │                │          │        │                   │               │ https://avd.aquasec.com/nvd/cve-2025-8869                    │
[2026-10-05T09:47:18.267Z] │                      ├────────────────┤          │        │                   ├───────────────┼──────────────────────────────────────────────────────────────┤
[2026-10-05T09:47:18.267Z] │                      │ CVE-2026-13346 │          │        │                   │ 26.2.0        │ pip: pip: Arbitrary file installation via malicious package  │
[2026-10-05T09:47:18.267Z] │                      │                │          │        │                   │               │ indexes                                                      │
[2026-10-05T09:47:18.267Z] │                      │                │          │        │                   │               │ https://avd.aquasec.com/nvd/cve-2026-13346                   │
[2026-10-05T09:47:18.267Z] │                      ├────────────────┤          │        │                   ├───────────────┼──────────────────────────────────────────────────────────────┤
[2026-10-05T09:47:18.267Z] │                      │ CVE-2026-3219  │          │        │                   │ 26.1          │ pip: pip: Incorrect file installation due to improper        │
[2026-10-05T09:47:18.267Z] │                      │                │          │        │                   │               │ archive handling                                             │
[2026-10-05T09:47:18.267Z] │                      │                │          │        │                   │               │ https://avd.aquasec.com/nvd/cve-2026-3219                    │
[2026-10-05T09:47:18.267Z] │                      ├────────────────┤          │        │                   │               ├──────────────────────────────────────────────────────────────┤
[2026-10-05T09:47:18.267Z] │                      │ CVE-2026-6357  │          │        │                   │               │ pip: pip: Arbitrary code execution or information disclosure │
[2026-10-05T09:47:18.267Z] │                      │                │          │        │                   │               │ via malicious wheel package...                               │
[2026-10-05T09:47:18.267Z] │                      │                │          │        │                   │               │ https://avd.aquasec.com/nvd/cve-2026-6357                    │
[2026-10-05T09:47:18.267Z] │                      ├────────────────┤          │        │                   ├───────────────┼──────────────────────────────────────────────────────────────┤
[2026-10-05T09:47:18.267Z] │                      │ CVE-2026-8643  │          │        │                   │ 26.1.2        │ python-pip: Path traversal via malicious entry point name in │
[2026-10-05T09:47:18.267Z] │                      │                │          │        │                   │               │ pip wheel installation...                                    │
[2026-10-05T09:47:18.267Z] │                      │                │          │        │                   │               │ https://avd.aquasec.com/nvd/cve-2026-8643                    │
[2026-10-05T09:47:18.267Z] │                      ├────────────────┼──────────┤        │                   ├───────────────┼──────────────────────────────────────────────────────────────┤
[2026-10-05T09:47:18.267Z] │                      │ CVE-2026-1703  │ LOW      │        │                   │ 26.0          │ pip: pip: Information disclosure via path traversal when     │
[2026-10-05T09:47:18.267Z] │                      │                │          │        │                   │               │ installing crafted wheel archives...                         │
[2026-10-05T09:47:18.268Z] │                      │                │          │        │                   │               │ https://avd.aquasec.com/nvd/cve-2026-1703                    │
[2026-10-05T09:47:18.268Z] ├──────────────────────┼────────────────┼──────────┤        ├───────────────────┼───────────────┼──────────────────────────────────────────────────────────────┤
[2026-10-05T09:47:18.268Z] │ starlette (METADATA) │ CVE-2024-47874 │ HIGH     │        │ 0.38.6            │ 0.40.0        │ starlette: Starlette Denial of service (DoS) via             │
[2026-10-05T09:47:18.268Z] │                      │                │          │        │                   │               │ multipart/form-data                                          │
[2026-10-05T09:47:18.268Z] │                      │                │          │        │                   │               │ https://avd.aquasec.com/nvd/cve-2024-47874                   │
[2026-10-05T09:47:18.268Z] │                      ├────────────────┤          │        │                   ├───────────────┼──────────────────────────────────────────────────────────────┤
[2026-10-05T09:47:18.268Z] │                      │ CVE-2026-48818 │          │        │                   │ 1.1.0         │ starlette: Starlette: SSRF and NTLM credential theft via UNC │
[2026-10-05T09:47:18.268Z] │                      │                │          │        │                   │               │ paths in StaticFiles...                                      │
[2026-10-05T09:47:18.268Z] │                      │                │          │        │                   │               │ https://avd.aquasec.com/nvd/cve-2026-48818                   │
[2026-10-05T09:47:18.268Z] │                      ├────────────────┤          │        │                   ├───────────────┼──────────────────────────────────────────────────────────────┤
[2026-10-05T09:47:18.268Z] │                      │ CVE-2026-54283 │          │        │                   │ 1.3.1         │ starlette: Starlette: request.form() limits silently ignored │
[2026-10-05T09:47:18.268Z] │                      │                │          │        │                   │               │ for application/x-www-form-urlencoded enable DoS             │
[2026-10-05T09:47:18.268Z] │                      │                │          │        │                   │               │ https://avd.aquasec.com/nvd/cve-2026-54283                   │
[2026-10-05T09:47:18.268Z] │                      ├────────────────┼──────────┤        │                   ├───────────────┼──────────────────────────────────────────────────────────────┤
[2026-10-05T09:47:18.268Z] │                      │ CVE-2025-54121 │ MEDIUM   │        │                   │ 0.47.2        │ starlette: Starlette denial-of-service                       │
[2026-10-05T09:47:18.268Z] │                      │                │          │        │                   │               │ https://avd.aquasec.com/nvd/cve-2025-54121                   │
[2026-10-05T09:47:18.268Z] │                      ├────────────────┤          │        │                   ├───────────────┼──────────────────────────────────────────────────────────────┤
[2026-10-05T09:47:18.268Z] │                      │ CVE-2026-48710 │          │        │                   │ 1.0.1         │ starlette: Starlette: Security restriction bypass via        │
[2026-10-05T09:47:18.268Z] │                      │                │          │        │                   │               │ malformed HTTP Host header                                   │
[2026-10-05T09:47:18.268Z] │                      │                │          │        │                   │               │ https://avd.aquasec.com/nvd/cve-2026-48710                   │
[2026-10-05T09:47:18.268Z] │                      ├────────────────┤          │        │                   ├───────────────┼──────────────────────────────────────────────────────────────┤
[2026-10-05T09:47:18.268Z] │                      │ CVE-2026-48817 │          │        │                   │ 1.1.0         │ starlette: Starlette: Information disclosure and unintended  │
[2026-10-05T09:47:18.268Z] │                      │                │          │        │                   │               │ method execution via non-standard HTTP methods...            │
[2026-10-05T09:47:18.268Z] │                      │                │          │        │                   │               │ https://avd.aquasec.com/nvd/cve-2026-48817                   │
[2026-10-05T09:47:18.268Z] │                      ├────────────────┼──────────┤        │                   ├───────────────┼──────────────────────────────────────────────────────────────┤
[2026-10-05T09:47:18.268Z] │                      │ CVE-2026-54282 │ LOW      │        │                   │ 1.3.0         │ starlette: Starlette: Information disclosure due to improper │
[2026-10-05T09:47:18.268Z] │                      │                │          │        │                   │               │ HTTP request path validation                                 │
[2026-10-05T09:47:18.268Z] │                      │                │          │        │                   │               │ https://avd.aquasec.com/nvd/cve-2026-54282                   │
[2026-10-05T09:47:18.268Z] └──────────────────────┴────────────────┴──────────┴────────┴───────────────────┴───────────────┴──────────────────────────────────────────────────────────────┘
[2026-10-05T09:47:18.268Z] + echo ==> Checking for CRITICAL vulnerabilities (deployment gate)...
[2026-10-05T09:47:18.268Z] ==> Checking for CRITICAL vulnerabilities (deployment gate)...
[2026-10-05T09:47:18.268Z] + SKIP_BLOCKING=false
[2026-10-05T09:47:18.268Z] + trivy image --severity CRITICAL --ignore-unfixed --exit-code 1 ****/jenkinsforge:7e9e0a7
[2026-10-05T09:47:18.268Z] 2026-10-05T09:47:18Z	INFO	[vuln] Vulnerability scanning is enabled
[2026-10-05T09:47:18.268Z] 2026-10-05T09:47:18Z	INFO	[secret] Secret scanning is enabled
[2026-10-05T09:47:18.268Z] 2026-10-05T09:47:18Z	INFO	[secret] If your scanning is slow, please try '--scanners vuln' to disable secret scanning
[2026-10-05T09:47:18.268Z] 2026-10-05T09:47:18Z	INFO	[secret] Please see https://trivy.dev/docs/v0.75/guide/scanner/secret#recommendation for faster secret detection
[2026-10-05T09:47:18.520Z] 2026-10-05T09:47:18Z	INFO	Detected OS	family="debian" version="13.7"
[2026-10-05T09:47:18.520Z] 2026-10-05T09:47:18Z	INFO	[debian] Detecting vulnerabilities...	os_version="13" pkg_num=87
[2026-10-05T09:47:18.520Z] 2026-10-05T09:47:18Z	INFO	Number of language-specific files	num=1
[2026-10-05T09:47:18.520Z] 2026-10-05T09:47:18Z	INFO	[python-pkg] Detecting vulnerabilities...
[2026-10-05T09:47:18.520Z] 2026-10-05T09:47:18Z	WARN	Using severities from other vendors for some vulnerabilities. Read https://trivy.dev/docs/v0.75/guide/scanner/vulnerability#severity-selection for details.
[2026-10-05T09:47:18.520Z] 
[2026-10-05T09:47:18.520Z] Report Summary
[2026-10-05T09:47:18.520Z] 
[2026-10-05T09:47:18.520Z] ┌──────────────────────────────────────────────────────────────────────────────────┬────────────┬─────────────────┬─────────┐
[2026-10-05T09:47:18.520Z] │                                      Target                                      │    Type    │ Vulnerabilities │ Secrets │
[2026-10-05T09:47:18.520Z] ├──────────────────────────────────────────────────────────────────────────────────┼────────────┼─────────────────┼─────────┤
[2026-10-05T09:47:18.520Z] │ ****/jenkinsforge:7e9e0a7 (debian 13.7)  │   debian   │        0        │    -    │
[2026-10-05T09:47:18.520Z] ├──────────────────────────────────────────────────────────────────────────────────┼────────────┼─────────────────┼─────────┤
[2026-10-05T09:47:18.520Z] │ usr/local/lib/python3.12/site-packages/annotated_types-0.8.0.dist-info/METADATA  │ python-pkg │        0        │    -    │
[2026-10-05T09:47:18.520Z] ├──────────────────────────────────────────────────────────────────────────────────┼────────────┼─────────────────┼─────────┤
[2026-10-05T09:47:18.520Z] │ usr/local/lib/python3.12/site-packages/anyio-4.15.1.dist-info/METADATA           │ python-pkg │        0        │    -    │
[2026-10-05T09:47:18.521Z] ├──────────────────────────────────────────────────────────────────────────────────┼────────────┼─────────────────┼─────────┤
[2026-10-05T09:47:18.521Z] │ usr/local/lib/python3.12/site-packages/click-8.5.0.dist-info/METADATA            │ python-pkg │        0        │    -    │
[2026-10-05T09:47:18.521Z] ├──────────────────────────────────────────────────────────────────────────────────┼────────────┼─────────────────┼─────────┤
[2026-10-05T09:47:18.521Z] │ usr/local/lib/python3.12/site-packages/fastapi-0.115.0.dist-info/METADATA        │ python-pkg │        0        │    -    │
[2026-10-05T09:47:18.521Z] ├──────────────────────────────────────────────────────────────────────────────────┼────────────┼─────────────────┼─────────┤
[2026-10-05T09:47:18.521Z] │ usr/local/lib/python3.12/site-packages/h11-0.16.0.dist-info/METADATA             │ python-pkg │        0        │    -    │
[2026-10-05T09:47:18.521Z] ├──────────────────────────────────────────────────────────────────────────────────┼────────────┼─────────────────┼─────────┤
[2026-10-05T09:47:18.521Z] │ usr/local/lib/python3.12/site-packages/httptools-0.8.0.dist-info/METADATA        │ python-pkg │        0        │    -    │
[2026-10-05T09:47:18.521Z] ├──────────────────────────────────────────────────────────────────────────────────┼────────────┼─────────────────┼─────────┤
[2026-10-05T09:47:18.521Z] │ usr/local/lib/python3.12/site-packages/idna-3.20.dist-info/METADATA              │ python-pkg │        0        │    -    │
[2026-10-05T09:47:18.521Z] ├──────────────────────────────────────────────────────────────────────────────────┼────────────┼─────────────────┼─────────┤
[2026-10-05T09:47:18.521Z] │ usr/local/lib/python3.12/site-packages/pip-25.0.1.dist-info/METADATA             │ python-pkg │        0        │    -    │
[2026-10-05T09:47:18.521Z] ├──────────────────────────────────────────────────────────────────────────────────┼────────────┼─────────────────┼─────────┤
[2026-10-05T09:47:18.521Z] │ usr/local/lib/python3.12/site-packages/pydantic-2.13.5.dist-info/METADATA        │ python-pkg │        0        │    -    │
[2026-10-05T09:47:18.522Z] ├──────────────────────────────────────────────────────────────────────────────────┼────────────┼─────────────────┼─────────┤
[2026-10-05T09:47:18.522Z] │ usr/local/lib/python3.12/site-packages/pydantic_core-2.46.5.dist-info/METADATA   │ python-pkg │        0        │    -    │
[2026-10-05T09:47:18.522Z] ├──────────────────────────────────────────────────────────────────────────────────┼────────────┼─────────────────┼─────────┤
[2026-10-05T09:47:18.522Z] │ usr/local/lib/python3.12/site-packages/python_dotenv-1.2.4.dist-info/METADATA    │ python-pkg │        0        │    -    │
[2026-10-05T09:47:18.522Z] ├──────────────────────────────────────────────────────────────────────────────────┼────────────┼─────────────────┼─────────┤
[2026-10-05T09:47:18.522Z] │ usr/local/lib/python3.12/site-packages/pyyaml-6.0.3.dist-info/METADATA           │ python-pkg │        0        │    -    │
[2026-10-05T09:47:18.522Z] ├──────────────────────────────────────────────────────────────────────────────────┼────────────┼─────────────────┼─────────┤
[2026-10-05T09:47:18.522Z] │ usr/local/lib/python3.12/site-packages/starlette-0.38.6.dist-info/METADATA       │ python-pkg │        0        │    -    │
[2026-10-05T09:47:18.522Z] ├──────────────────────────────────────────────────────────────────────────────────┼────────────┼─────────────────┼─────────┤
[2026-10-05T09:47:18.522Z] │ usr/local/lib/python3.12/site-packages/typing_extensions-4.16.0.dist-info/METAD- │ python-pkg │        0        │    -    │
[2026-10-05T09:47:18.522Z] │ ATA                                                                              │            │                 │         │
[2026-10-05T09:47:18.522Z] ├──────────────────────────────────────────────────────────────────────────────────┼────────────┼─────────────────┼─────────┤
[2026-10-05T09:47:18.522Z] │ usr/local/lib/python3.12/site-packages/typing_inspection-0.4.4.dist-info/METADA- │ python-pkg │        0        │    -    │
[2026-10-05T09:47:18.522Z] │ TA                                                                               │            │                 │         │
[2026-10-05T09:47:18.522Z] ├──────────────────────────────────────────────────────────────────────────────────┼────────────┼─────────────────┼─────────┤
[2026-10-05T09:47:18.523Z] │ usr/local/lib/python3.12/site-packages/uvicorn-0.30.6.dist-info/METADATA         │ python-pkg │        0        │    -    │
[2026-10-05T09:47:18.523Z] ├──────────────────────────────────────────────────────────────────────────────────┼────────────┼─────────────────┼─────────┤
[2026-10-05T09:47:18.523Z] │ usr/local/lib/python3.12/site-packages/uvloop-0.23.0.dist-info/METADATA          │ python-pkg │        0        │    -    │
[2026-10-05T09:47:18.523Z] ├──────────────────────────────────────────────────────────────────────────────────┼────────────┼─────────────────┼─────────┤
[2026-10-05T09:47:18.523Z] │ usr/local/lib/python3.12/site-packages/watchfiles-1.3.0.dist-info/METADATA       │ python-pkg │        0        │    -    │
[2026-10-05T09:47:18.523Z] ├──────────────────────────────────────────────────────────────────────────────────┼────────────┼─────────────────┼─────────┤
[2026-10-05T09:47:18.523Z] │ usr/local/lib/python3.12/site-packages/websockets-17.2.dist-info/METADATA        │ python-pkg │        0        │    -    │
[2026-10-05T09:47:18.523Z] └──────────────────────────────────────────────────────────────────────────────────┴────────────┴─────────────────┴─────────┘
[2026-10-05T09:47:18.523Z] Legend:
[2026-10-05T09:47:18.523Z] - '-': Not scanned
[2026-10-05T09:47:18.523Z] - '0': Clean (no security findings detected)
[2026-10-05T09:47:18.523Z] 
[2026-10-05T09:47:18.523Z] + echo ✓ Trivy Scan PASSED
[2026-10-05T09:47:18.523Z] ✓ Trivy Scan PASSED
Post stage
[Pipeline] archiveArtifacts
[2026-10-05T09:47:18.573Z] Archiving artifacts
[Pipeline] }
[Pipeline] // stage
[Pipeline] stage
[Pipeline] { (SBOM)
[Pipeline] sh
[2026-10-05T09:47:19.021Z] + mkdir -p reports
[2026-10-05T09:47:19.021Z] + echo ==> Syft: generating SBOM for ****/jenkinsforge:7e9e0a7...
[2026-10-05T09:47:19.021Z] ==> Syft: generating SBOM for ****/jenkinsforge:7e9e0a7...
[2026-10-05T09:47:19.021Z] + syft ****/jenkinsforge:7e9e0a7 -o cyclonedx-json=reports/sbom-cyclonedx.json -o spdx-json=reports/sbom-spdx.json
[2026-10-05T09:47:25.507Z] + python3 -c 
[2026-10-05T09:47:25.507Z] import json
[2026-10-05T09:47:25.507Z] with open('reports/sbom-cyclonedx.json') as f:
[2026-10-05T09:47:25.507Z]     d = json.load(f)
[2026-10-05T09:47:25.507Z] print(len(d.get('components', [])))
[2026-10-05T09:47:25.507Z] 
[2026-10-05T09:47:25.507Z] + COMPONENTS=2818
[2026-10-05T09:47:25.507Z] + echo SBOM generated: 2818 components recorded
[2026-10-05T09:47:25.507Z] SBOM generated: 2818 components recorded
[2026-10-05T09:47:25.507Z] + echo   - reports/sbom-cyclonedx.json (CycloneDX)
[2026-10-05T09:47:25.507Z]   - reports/sbom-cyclonedx.json (CycloneDX)
[2026-10-05T09:47:25.507Z] + echo   - reports/sbom-spdx.json     (SPDX)
[2026-10-05T09:47:25.507Z]   - reports/sbom-spdx.json     (SPDX)
[2026-10-05T09:47:25.507Z] + echo ✓ SBOM PASSED
[2026-10-05T09:47:25.507Z] ✓ SBOM PASSED
Post stage
[Pipeline] archiveArtifacts
[2026-10-05T09:47:25.547Z] Archiving artifacts
[Pipeline] }
[Pipeline] // stage
[Pipeline] stage
[Pipeline] { (Push to ECR)
[Pipeline] withCredentials
[2026-10-05T09:47:25.783Z] Masking supported pattern matches of $AWS_ACCESS_KEY_ID or $AWS_SECRET_ACCESS_KEY
[Pipeline] {
[Pipeline] sh
[2026-10-05T09:47:26.104Z] + echo ==> Authenticating with Amazon ECR...
[2026-10-05T09:47:26.104Z] ==> Authenticating with Amazon ECR...
[2026-10-05T09:47:26.104Z] + aws ecr get-login-password --region us-east-1
[2026-10-05T09:47:26.104Z] + docker login --username AWS --password-stdin ****
[2026-10-05T09:47:31.303Z] 
[2026-10-05T09:47:31.303Z] WARNING! Your credentials are stored unencrypted in '/var/jenkins_home/.docker/config.json'.
[2026-10-05T09:47:31.303Z] Configure a credential helper to remove this warning. See
[2026-10-05T09:47:31.303Z] https://docs.docker.com/go/credential-store/
[2026-10-05T09:47:31.303Z] 
[2026-10-05T09:47:31.303Z] Login Succeeded
[2026-10-05T09:47:31.303Z] + echo ==> Pushing ****/jenkinsforge:7e9e0a7...
[2026-10-05T09:47:31.303Z] ==> Pushing ****/jenkinsforge:7e9e0a7...
[2026-10-05T09:47:31.303Z] + docker push ****/jenkinsforge:7e9e0a7
[2026-10-05T09:47:31.303Z] The push refers to repository [****/jenkinsforge]
[2026-10-05T09:47:31.303Z] 68a0f4586b3f: Waiting
[2026-10-05T09:47:31.303Z] 976288e5fb3f: Waiting
[2026-10-05T09:47:31.303Z] a510a9ea6d60: Waiting
[2026-10-05T09:47:31.303Z] e360d85fdc0f: Waiting
[2026-10-05T09:47:31.303Z] 6b37362b3da7: Waiting
[2026-10-05T09:47:31.303Z] 8c870c89241a: Waiting
[2026-10-05T09:47:31.303Z] 34680a8ff287: Waiting
[2026-10-05T09:47:31.303Z] 52563780bb9b: Waiting
[2026-10-05T09:47:31.303Z] ddbd490974b0: Waiting
[2026-10-05T09:47:31.303Z] 5e62c0470a09: Waiting
[2026-10-05T09:47:31.303Z] 52563780bb9b: Waiting
[2026-10-05T09:47:31.303Z] ddbd490974b0: Waiting
[2026-10-05T09:47:31.303Z] 5e62c0470a09: Waiting
[2026-10-05T09:47:31.303Z] 68a0f4586b3f: Waiting
[2026-10-05T09:47:31.303Z] 976288e5fb3f: Waiting
[2026-10-05T09:47:31.303Z] a510a9ea6d60: Waiting
[2026-10-05T09:47:31.303Z] e360d85fdc0f: Waiting
[2026-10-05T09:47:31.303Z] 6b37362b3da7: Waiting
[2026-10-05T09:47:31.303Z] 8c870c89241a: Waiting
[2026-10-05T09:47:31.303Z] 34680a8ff287: Waiting
[2026-10-05T09:47:31.303Z] ddbd490974b0: Waiting
[2026-10-05T09:47:31.303Z] 5e62c0470a09: Waiting
[2026-10-05T09:47:31.303Z] 68a0f4586b3f: Waiting
[2026-10-05T09:47:31.303Z] 976288e5fb3f: Waiting
[2026-10-05T09:47:31.303Z] a510a9ea6d60: Waiting
[2026-10-05T09:47:31.303Z] e360d85fdc0f: Waiting
[2026-10-05T09:47:31.303Z] 6b37362b3da7: Waiting
[2026-10-05T09:47:31.303Z] 8c870c89241a: Waiting
[2026-10-05T09:47:31.303Z] 34680a8ff287: Waiting
[2026-10-05T09:47:31.303Z] 52563780bb9b: Waiting
[2026-10-05T09:47:31.303Z] ddbd490974b0: Waiting
[2026-10-05T09:47:31.303Z] 5e62c0470a09: Waiting
[2026-10-05T09:47:31.303Z] 68a0f4586b3f: Waiting
[2026-10-05T09:47:31.303Z] 976288e5fb3f: Waiting
[2026-10-05T09:47:31.303Z] a510a9ea6d60: Waiting
[2026-10-05T09:47:31.303Z] e360d85fdc0f: Waiting
[2026-10-05T09:47:31.303Z] 6b37362b3da7: Waiting
[2026-10-05T09:47:31.303Z] 8c870c89241a: Waiting
[2026-10-05T09:47:31.303Z] 34680a8ff287: Waiting
[2026-10-05T09:47:31.303Z] 52563780bb9b: Waiting
[2026-10-05T09:47:31.303Z] ddbd490974b0: Waiting
[2026-10-05T09:47:31.303Z] 5e62c0470a09: Waiting
[2026-10-05T09:47:31.303Z] 68a0f4586b3f: Waiting
[2026-10-05T09:47:31.303Z] 976288e5fb3f: Waiting
[2026-10-05T09:47:31.303Z] a510a9ea6d60: Waiting
[2026-10-05T09:47:31.303Z] e360d85fdc0f: Waiting
[2026-10-05T09:47:31.303Z] 6b37362b3da7: Waiting
[2026-10-05T09:47:31.303Z] 8c870c89241a: Waiting
[2026-10-05T09:47:31.303Z] 34680a8ff287: Waiting
[2026-10-05T09:47:31.303Z] 52563780bb9b: Waiting
[2026-10-05T09:47:31.303Z] 5e62c0470a09: Waiting
[2026-10-05T09:47:31.303Z] 68a0f4586b3f: Waiting
[2026-10-05T09:47:31.303Z] 976288e5fb3f: Waiting
[2026-10-05T09:47:31.303Z] a510a9ea6d60: Waiting
[2026-10-05T09:47:31.303Z] e360d85fdc0f: Waiting
[2026-10-05T09:47:31.303Z] 6b37362b3da7: Waiting
[2026-10-05T09:47:31.303Z] 8c870c89241a: Waiting
[2026-10-05T09:47:31.303Z] 34680a8ff287: Waiting
[2026-10-05T09:47:31.303Z] 52563780bb9b: Waiting
[2026-10-05T09:47:31.303Z] ddbd490974b0: Waiting
[2026-10-05T09:47:31.303Z] 5e62c0470a09: Waiting
[2026-10-05T09:47:31.303Z] 68a0f4586b3f: Waiting
[2026-10-05T09:47:31.303Z] 976288e5fb3f: Waiting
[2026-10-05T09:47:31.303Z] a510a9ea6d60: Waiting
[2026-10-05T09:47:31.303Z] e360d85fdc0f: Waiting
[2026-10-05T09:47:31.303Z] 6b37362b3da7: Waiting
[2026-10-05T09:47:31.303Z] 8c870c89241a: Waiting
[2026-10-05T09:47:31.303Z] 34680a8ff287: Waiting
[2026-10-05T09:47:31.303Z] 52563780bb9b: Waiting
[2026-10-05T09:47:31.303Z] ddbd490974b0: Waiting
[2026-10-05T09:47:31.303Z] ddbd490974b0: Waiting
[2026-10-05T09:47:31.303Z] 5e62c0470a09: Waiting
[2026-10-05T09:47:31.303Z] 68a0f4586b3f: Waiting
[2026-10-05T09:47:31.303Z] 976288e5fb3f: Waiting
[2026-10-05T09:47:31.303Z] a510a9ea6d60: Waiting
[2026-10-05T09:47:31.303Z] e360d85fdc0f: Waiting
[2026-10-05T09:47:31.303Z] 6b37362b3da7: Waiting
[2026-10-05T09:47:31.303Z] 8c870c89241a: Waiting
[2026-10-05T09:47:31.303Z] 34680a8ff287: Waiting
[2026-10-05T09:47:31.303Z] 52563780bb9b: Waiting
[2026-10-05T09:47:31.303Z] ddbd490974b0: Waiting
[2026-10-05T09:47:31.303Z] 5e62c0470a09: Waiting
[2026-10-05T09:47:31.303Z] 68a0f4586b3f: Waiting
[2026-10-05T09:47:31.303Z] 976288e5fb3f: Waiting
[2026-10-05T09:47:31.303Z] a510a9ea6d60: Waiting
[2026-10-05T09:47:31.303Z] e360d85fdc0f: Waiting
[2026-10-05T09:47:31.303Z] 6b37362b3da7: Waiting
[2026-10-05T09:47:31.303Z] 8c870c89241a: Waiting
[2026-10-05T09:47:31.303Z] 34680a8ff287: Waiting
[2026-10-05T09:47:31.303Z] 52563780bb9b: Waiting
[2026-10-05T09:47:31.554Z] 52563780bb9b: Waiting
[2026-10-05T09:47:31.554Z] ddbd490974b0: Waiting
[2026-10-05T09:47:31.554Z] 5e62c0470a09: Waiting
[2026-10-05T09:47:31.554Z] 68a0f4586b3f: Waiting
[2026-10-05T09:47:31.554Z] 976288e5fb3f: Waiting
[2026-10-05T09:47:31.554Z] a510a9ea6d60: Waiting
[2026-10-05T09:47:31.554Z] e360d85fdc0f: Waiting
[2026-10-05T09:47:31.554Z] 6b37362b3da7: Waiting
[2026-10-05T09:47:31.554Z] 8c870c89241a: Waiting
[2026-10-05T09:47:31.554Z] 34680a8ff287: Waiting
[2026-10-05T09:47:31.554Z] ddbd490974b0: Waiting
[2026-10-05T09:47:31.554Z] 5e62c0470a09: Waiting
[2026-10-05T09:47:31.554Z] 68a0f4586b3f: Waiting
[2026-10-05T09:47:31.554Z] 976288e5fb3f: Waiting
[2026-10-05T09:47:31.554Z] a510a9ea6d60: Waiting
[2026-10-05T09:47:31.554Z] e360d85fdc0f: Waiting
[2026-10-05T09:47:31.554Z] 6b37362b3da7: Waiting
[2026-10-05T09:47:31.554Z] 8c870c89241a: Waiting
[2026-10-05T09:47:31.554Z] 34680a8ff287: Waiting
[2026-10-05T09:47:31.554Z] 52563780bb9b: Waiting
[2026-10-05T09:47:31.806Z] ddbd490974b0: Waiting
[2026-10-05T09:47:31.806Z] 5e62c0470a09: Waiting
[2026-10-05T09:47:31.806Z] 68a0f4586b3f: Waiting
[2026-10-05T09:47:31.806Z] 976288e5fb3f: Waiting
[2026-10-05T09:47:31.806Z] a510a9ea6d60: Waiting
[2026-10-05T09:47:31.806Z] e360d85fdc0f: Waiting
[2026-10-05T09:47:31.806Z] 6b37362b3da7: Waiting
[2026-10-05T09:47:31.806Z] 8c870c89241a: Waiting
[2026-10-05T09:47:31.806Z] 34680a8ff287: Waiting
[2026-10-05T09:47:31.806Z] 52563780bb9b: Waiting
[2026-10-05T09:47:31.806Z] ddbd490974b0: Waiting
[2026-10-05T09:47:31.806Z] 5e62c0470a09: Waiting
[2026-10-05T09:47:31.806Z] 68a0f4586b3f: Waiting
[2026-10-05T09:47:31.806Z] 976288e5fb3f: Waiting
[2026-10-05T09:47:31.806Z] a510a9ea6d60: Waiting
[2026-10-05T09:47:31.806Z] e360d85fdc0f: Waiting
[2026-10-05T09:47:31.806Z] 6b37362b3da7: Waiting
[2026-10-05T09:47:31.806Z] 8c870c89241a: Waiting
[2026-10-05T09:47:31.806Z] 34680a8ff287: Waiting
[2026-10-05T09:47:31.806Z] 52563780bb9b: Waiting
[2026-10-05T09:47:31.806Z] 52563780bb9b: Waiting
[2026-10-05T09:47:31.806Z] ddbd490974b0: Waiting
[2026-10-05T09:47:31.806Z] 5e62c0470a09: Waiting
[2026-10-05T09:47:31.806Z] 68a0f4586b3f: Waiting
[2026-10-05T09:47:31.806Z] 976288e5fb3f: Waiting
[2026-10-05T09:47:31.806Z] a510a9ea6d60: Waiting
[2026-10-05T09:47:31.806Z] e360d85fdc0f: Waiting
[2026-10-05T09:47:31.806Z] 6b37362b3da7: Waiting
[2026-10-05T09:47:31.806Z] 8c870c89241a: Waiting
[2026-10-05T09:47:31.806Z] 34680a8ff287: Waiting
[2026-10-05T09:47:32.057Z] ddbd490974b0: Waiting
[2026-10-05T09:47:32.057Z] 5e62c0470a09: Waiting
[2026-10-05T09:47:32.057Z] 68a0f4586b3f: Waiting
[2026-10-05T09:47:32.057Z] 976288e5fb3f: Waiting
[2026-10-05T09:47:32.057Z] a510a9ea6d60: Waiting
[2026-10-05T09:47:32.057Z] e360d85fdc0f: Waiting
[2026-10-05T09:47:32.057Z] 6b37362b3da7: Waiting
[2026-10-05T09:47:32.057Z] 8c870c89241a: Waiting
[2026-10-05T09:47:32.057Z] 34680a8ff287: Waiting
[2026-10-05T09:47:32.057Z] 52563780bb9b: Waiting
[2026-10-05T09:47:32.057Z] ddbd490974b0: Waiting
[2026-10-05T09:47:32.057Z] 5e62c0470a09: Waiting
[2026-10-05T09:47:32.057Z] 68a0f4586b3f: Waiting
[2026-10-05T09:47:32.057Z] 976288e5fb3f: Waiting
[2026-10-05T09:47:32.057Z] a510a9ea6d60: Waiting
[2026-10-05T09:47:32.057Z] e360d85fdc0f: Waiting
[2026-10-05T09:47:32.057Z] 6b37362b3da7: Waiting
[2026-10-05T09:47:32.057Z] 8c870c89241a: Waiting
[2026-10-05T09:47:32.057Z] 34680a8ff287: Waiting
[2026-10-05T09:47:32.057Z] 52563780bb9b: Waiting
[2026-10-05T09:47:32.309Z] 8c870c89241a: Waiting
[2026-10-05T09:47:32.309Z] 34680a8ff287: Waiting
[2026-10-05T09:47:32.309Z] 52563780bb9b: Waiting
[2026-10-05T09:47:32.309Z] ddbd490974b0: Waiting
[2026-10-05T09:47:32.309Z] 5e62c0470a09: Waiting
[2026-10-05T09:47:32.309Z] 68a0f4586b3f: Waiting
[2026-10-05T09:47:32.309Z] 976288e5fb3f: Waiting
[2026-10-05T09:47:32.309Z] a510a9ea6d60: Waiting
[2026-10-05T09:47:32.309Z] e360d85fdc0f: Waiting
[2026-10-05T09:47:32.309Z] 6b37362b3da7: Waiting
[2026-10-05T09:47:32.309Z] ddbd490974b0: Waiting
[2026-10-05T09:47:32.309Z] 5e62c0470a09: Waiting
[2026-10-05T09:47:32.309Z] 68a0f4586b3f: Waiting
[2026-10-05T09:47:32.309Z] 976288e5fb3f: Waiting
[2026-10-05T09:47:32.309Z] a510a9ea6d60: Waiting
[2026-10-05T09:47:32.309Z] e360d85fdc0f: Waiting
[2026-10-05T09:47:32.309Z] 6b37362b3da7: Waiting
[2026-10-05T09:47:32.309Z] 8c870c89241a: Waiting
[2026-10-05T09:47:32.309Z] 34680a8ff287: Waiting
[2026-10-05T09:47:32.309Z] 52563780bb9b: Waiting
[2026-10-05T09:47:32.309Z] ddbd490974b0: Waiting
[2026-10-05T09:47:32.309Z] 5e62c0470a09: Waiting
[2026-10-05T09:47:32.309Z] 68a0f4586b3f: Waiting
[2026-10-05T09:47:32.309Z] 976288e5fb3f: Waiting
[2026-10-05T09:47:32.309Z] a510a9ea6d60: Waiting
[2026-10-05T09:47:32.309Z] e360d85fdc0f: Waiting
[2026-10-05T09:47:32.309Z] 6b37362b3da7: Waiting
[2026-10-05T09:47:32.309Z] 8c870c89241a: Waiting
[2026-10-05T09:47:32.309Z] 34680a8ff287: Waiting
[2026-10-05T09:47:32.309Z] 52563780bb9b: Waiting
[2026-10-05T09:47:32.560Z] 6b37362b3da7: Waiting
[2026-10-05T09:47:32.560Z] 8c870c89241a: Waiting
[2026-10-05T09:47:32.560Z] 34680a8ff287: Waiting
[2026-10-05T09:47:32.560Z] 52563780bb9b: Waiting
[2026-10-05T09:47:32.560Z] ddbd490974b0: Waiting
[2026-10-05T09:47:32.560Z] 5e62c0470a09: Waiting
[2026-10-05T09:47:32.560Z] 68a0f4586b3f: Waiting
[2026-10-05T09:47:32.560Z] 976288e5fb3f: Waiting
[2026-10-05T09:47:32.560Z] a510a9ea6d60: Waiting
[2026-10-05T09:47:32.560Z] e360d85fdc0f: Waiting
[2026-10-05T09:47:32.560Z] ddbd490974b0: Waiting
[2026-10-05T09:47:32.560Z] 5e62c0470a09: Waiting
[2026-10-05T09:47:32.560Z] 68a0f4586b3f: Waiting
[2026-10-05T09:47:32.560Z] 976288e5fb3f: Waiting
[2026-10-05T09:47:32.560Z] e360d85fdc0f: Waiting
[2026-10-05T09:47:32.560Z] 34680a8ff287: Waiting
[2026-10-05T09:47:32.560Z] 52563780bb9b: Waiting
[2026-10-05T09:47:32.811Z] ddbd490974b0: Waiting
[2026-10-05T09:47:32.811Z] 5e62c0470a09: Waiting
[2026-10-05T09:47:32.811Z] 68a0f4586b3f: Waiting
[2026-10-05T09:47:32.811Z] 976288e5fb3f: Waiting
[2026-10-05T09:47:32.811Z] e360d85fdc0f: Waiting
[2026-10-05T09:47:32.811Z] 34680a8ff287: Waiting
[2026-10-05T09:47:32.811Z] 52563780bb9b: Waiting
[2026-10-05T09:47:32.811Z] ddbd490974b0: Waiting
[2026-10-05T09:47:32.811Z] 5e62c0470a09: Waiting
[2026-10-05T09:47:32.811Z] 976288e5fb3f: Waiting
[2026-10-05T09:47:32.811Z] e360d85fdc0f: Waiting
[2026-10-05T09:47:32.811Z] 34680a8ff287: Waiting
[2026-10-05T09:47:32.811Z] 52563780bb9b: Waiting
[2026-10-05T09:47:32.811Z] ddbd490974b0: Waiting
[2026-10-05T09:47:32.811Z] e360d85fdc0f: Waiting
[2026-10-05T09:47:33.062Z] e360d85fdc0f: Waiting
[2026-10-05T09:47:33.062Z] ddbd490974b0: Waiting
[2026-10-05T09:47:33.062Z] ddbd490974b0: Waiting
[2026-10-05T09:47:33.313Z] ddbd490974b0: Waiting
[2026-10-05T09:47:33.313Z] ddbd490974b0: Waiting
[2026-10-05T09:47:33.313Z] 8c870c89241a: Pushed
[2026-10-05T09:47:33.313Z] 976288e5fb3f: Pushed
[2026-10-05T09:47:33.313Z] 34680a8ff287: Pushed
[2026-10-05T09:47:33.313Z] 52563780bb9b: Pushed
[2026-10-05T09:47:33.313Z] ddbd490974b0: Waiting
[2026-10-05T09:47:33.564Z] ddbd490974b0: Waiting
[2026-10-05T09:47:33.564Z] 5e62c0470a09: Pushed
[2026-10-05T09:47:33.564Z] ddbd490974b0: Waiting
[2026-10-05T09:47:35.427Z] ddbd490974b0: Pushed
[2026-10-05T09:47:57.232Z] a510a9ea6d60: Pushed
[2026-10-05T09:48:05.263Z] e360d85fdc0f: Pushed
[2026-10-05T09:48:23.230Z] 68a0f4586b3f: Pushed
[2026-10-05T09:49:19.289Z] 6b37362b3da7: Pushed
[2026-10-05T09:49:19.289Z] 7e9e0a7: digest: sha256:68f32fde063236b12df13197ba7fda6aa515efcf60ca3aa59a1dc092d1eaac45 size: 856
[2026-10-05T09:49:19.289Z] + echo ==> Pushing build tag ****/jenkinsforge:build-13...
[2026-10-05T09:49:19.289Z] ==> Pushing build tag ****/jenkinsforge:build-13...
[2026-10-05T09:49:19.289Z] + docker tag ****/jenkinsforge:7e9e0a7 ****/jenkinsforge:build-13
[2026-10-05T09:49:19.289Z] + docker push ****/jenkinsforge:build-13
[2026-10-05T09:49:19.289Z] The push refers to repository [****/jenkinsforge]
[2026-10-05T09:49:19.289Z] 34680a8ff287: Waiting
[2026-10-05T09:49:19.289Z] ddbd490974b0: Waiting
[2026-10-05T09:49:19.289Z] 5e62c0470a09: Waiting
[2026-10-05T09:49:19.289Z] 8c870c89241a: Waiting
[2026-10-05T09:49:19.289Z] 68a0f4586b3f: Waiting
[2026-10-05T09:49:19.289Z] a510a9ea6d60: Waiting
[2026-10-05T09:49:19.289Z] e360d85fdc0f: Waiting
[2026-10-05T09:49:19.289Z] 52563780bb9b: Waiting
[2026-10-05T09:49:19.289Z] 6b37362b3da7: Waiting
[2026-10-05T09:49:19.289Z] 976288e5fb3f: Waiting
[2026-10-05T09:49:19.289Z] 68a0f4586b3f: Waiting
[2026-10-05T09:49:19.289Z] a510a9ea6d60: Waiting
[2026-10-05T09:49:19.289Z] e360d85fdc0f: Waiting
[2026-10-05T09:49:19.289Z] 52563780bb9b: Waiting
[2026-10-05T09:49:19.289Z] 6b37362b3da7: Waiting
[2026-10-05T09:49:19.289Z] 976288e5fb3f: Waiting
[2026-10-05T09:49:19.289Z] 34680a8ff287: Waiting
[2026-10-05T09:49:19.289Z] ddbd490974b0: Waiting
[2026-10-05T09:49:19.289Z] 5e62c0470a09: Waiting
[2026-10-05T09:49:19.289Z] 8c870c89241a: Waiting
[2026-10-05T09:49:19.289Z] 52563780bb9b: Waiting
[2026-10-05T09:49:19.289Z] 6b37362b3da7: Waiting
[2026-10-05T09:49:19.289Z] 976288e5fb3f: Waiting
[2026-10-05T09:49:19.289Z] 34680a8ff287: Waiting
[2026-10-05T09:49:19.289Z] ddbd490974b0: Waiting
[2026-10-05T09:49:19.289Z] 5e62c0470a09: Waiting
[2026-10-05T09:49:19.289Z] 8c870c89241a: Waiting
[2026-10-05T09:49:19.289Z] 68a0f4586b3f: Waiting
[2026-10-05T09:49:19.289Z] a510a9ea6d60: Waiting
[2026-10-05T09:49:19.289Z] e360d85fdc0f: Waiting
[2026-10-05T09:49:19.289Z] 34680a8ff287: Waiting
[2026-10-05T09:49:19.289Z] ddbd490974b0: Waiting
[2026-10-05T09:49:19.289Z] 5e62c0470a09: Waiting
[2026-10-05T09:49:19.289Z] 8c870c89241a: Waiting
[2026-10-05T09:49:19.289Z] 68a0f4586b3f: Waiting
[2026-10-05T09:49:19.289Z] a510a9ea6d60: Waiting
[2026-10-05T09:49:19.289Z] e360d85fdc0f: Waiting
[2026-10-05T09:49:19.289Z] 52563780bb9b: Waiting
[2026-10-05T09:49:19.289Z] 6b37362b3da7: Waiting
[2026-10-05T09:49:19.289Z] 976288e5fb3f: Waiting
[2026-10-05T09:49:19.289Z] 34680a8ff287: Waiting
[2026-10-05T09:49:19.289Z] ddbd490974b0: Waiting
[2026-10-05T09:49:19.289Z] 5e62c0470a09: Waiting
[2026-10-05T09:49:19.289Z] 8c870c89241a: Waiting
[2026-10-05T09:49:19.289Z] 68a0f4586b3f: Waiting
[2026-10-05T09:49:19.289Z] a510a9ea6d60: Waiting
[2026-10-05T09:49:19.289Z] e360d85fdc0f: Waiting
[2026-10-05T09:49:19.289Z] 52563780bb9b: Waiting
[2026-10-05T09:49:19.289Z] 6b37362b3da7: Waiting
[2026-10-05T09:49:19.289Z] 976288e5fb3f: Waiting
[2026-10-05T09:49:19.289Z] 5e62c0470a09: Waiting
[2026-10-05T09:49:19.289Z] 8c870c89241a: Waiting
[2026-10-05T09:49:19.289Z] 68a0f4586b3f: Waiting
[2026-10-05T09:49:19.289Z] a510a9ea6d60: Waiting
[2026-10-05T09:49:19.289Z] e360d85fdc0f: Waiting
[2026-10-05T09:49:19.289Z] 52563780bb9b: Waiting
[2026-10-05T09:49:19.289Z] 6b37362b3da7: Waiting
[2026-10-05T09:49:19.289Z] 976288e5fb3f: Waiting
[2026-10-05T09:49:19.289Z] 34680a8ff287: Waiting
[2026-10-05T09:49:19.289Z] ddbd490974b0: Waiting
[2026-10-05T09:49:19.289Z] 6b37362b3da7: Waiting
[2026-10-05T09:49:19.289Z] 976288e5fb3f: Waiting
[2026-10-05T09:49:19.289Z] 34680a8ff287: Waiting
[2026-10-05T09:49:19.289Z] ddbd490974b0: Waiting
[2026-10-05T09:49:19.289Z] 5e62c0470a09: Waiting
[2026-10-05T09:49:19.289Z] 8c870c89241a: Waiting
[2026-10-05T09:49:19.289Z] 68a0f4586b3f: Waiting
[2026-10-05T09:49:19.289Z] a510a9ea6d60: Waiting
[2026-10-05T09:49:19.289Z] e360d85fdc0f: Waiting
[2026-10-05T09:49:19.289Z] 52563780bb9b: Waiting
[2026-10-05T09:49:19.289Z] 34680a8ff287: Waiting
[2026-10-05T09:49:19.289Z] ddbd490974b0: Waiting
[2026-10-05T09:49:19.289Z] 5e62c0470a09: Waiting
[2026-10-05T09:49:19.289Z] 8c870c89241a: Waiting
[2026-10-05T09:49:19.289Z] 68a0f4586b3f: Waiting
[2026-10-05T09:49:19.289Z] a510a9ea6d60: Waiting
[2026-10-05T09:49:19.289Z] e360d85fdc0f: Waiting
[2026-10-05T09:49:19.289Z] 52563780bb9b: Waiting
[2026-10-05T09:49:19.289Z] 6b37362b3da7: Waiting
[2026-10-05T09:49:19.289Z] 976288e5fb3f: Waiting
[2026-10-05T09:49:19.289Z] 6b37362b3da7: Waiting
[2026-10-05T09:49:19.289Z] 976288e5fb3f: Waiting
[2026-10-05T09:49:19.289Z] 34680a8ff287: Waiting
[2026-10-05T09:49:19.289Z] ddbd490974b0: Waiting
[2026-10-05T09:49:19.289Z] 5e62c0470a09: Waiting
[2026-10-05T09:49:19.289Z] 8c870c89241a: Waiting
[2026-10-05T09:49:19.289Z] 68a0f4586b3f: Waiting
[2026-10-05T09:49:19.289Z] a510a9ea6d60: Waiting
[2026-10-05T09:49:19.289Z] e360d85fdc0f: Waiting
[2026-10-05T09:49:19.289Z] 52563780bb9b: Waiting
[2026-10-05T09:49:19.289Z] 976288e5fb3f: Waiting
[2026-10-05T09:49:19.289Z] 34680a8ff287: Waiting
[2026-10-05T09:49:19.289Z] ddbd490974b0: Waiting
[2026-10-05T09:49:19.289Z] 5e62c0470a09: Waiting
[2026-10-05T09:49:19.289Z] 8c870c89241a: Waiting
[2026-10-05T09:49:19.289Z] 68a0f4586b3f: Waiting
[2026-10-05T09:49:19.289Z] a510a9ea6d60: Waiting
[2026-10-05T09:49:19.289Z] e360d85fdc0f: Waiting
[2026-10-05T09:49:19.289Z] 52563780bb9b: Waiting
[2026-10-05T09:49:19.289Z] 6b37362b3da7: Waiting
[2026-10-05T09:49:19.289Z] 6b37362b3da7: Waiting
[2026-10-05T09:49:19.289Z] 976288e5fb3f: Waiting
[2026-10-05T09:49:19.289Z] 34680a8ff287: Waiting
[2026-10-05T09:49:19.289Z] ddbd490974b0: Waiting
[2026-10-05T09:49:19.289Z] 5e62c0470a09: Waiting
[2026-10-05T09:49:19.289Z] 8c870c89241a: Waiting
[2026-10-05T09:49:19.289Z] 68a0f4586b3f: Waiting
[2026-10-05T09:49:19.289Z] a510a9ea6d60: Waiting
[2026-10-05T09:49:19.289Z] e360d85fdc0f: Waiting
[2026-10-05T09:49:19.289Z] 52563780bb9b: Waiting
[2026-10-05T09:49:19.289Z] 52563780bb9b: Waiting
[2026-10-05T09:49:19.289Z] 6b37362b3da7: Waiting
[2026-10-05T09:49:19.289Z] 976288e5fb3f: Waiting
[2026-10-05T09:49:19.289Z] 34680a8ff287: Waiting
[2026-10-05T09:49:19.289Z] ddbd490974b0: Waiting
[2026-10-05T09:49:19.289Z] 5e62c0470a09: Waiting
[2026-10-05T09:49:19.289Z] 8c870c89241a: Waiting
[2026-10-05T09:49:19.289Z] 68a0f4586b3f: Waiting
[2026-10-05T09:49:19.290Z] a510a9ea6d60: Waiting
[2026-10-05T09:49:19.290Z] e360d85fdc0f: Waiting
[2026-10-05T09:49:19.290Z] 68a0f4586b3f: Waiting
[2026-10-05T09:49:19.290Z] a510a9ea6d60: Waiting
[2026-10-05T09:49:19.290Z] e360d85fdc0f: Waiting
[2026-10-05T09:49:19.290Z] 52563780bb9b: Waiting
[2026-10-05T09:49:19.290Z] 6b37362b3da7: Waiting
[2026-10-05T09:49:19.290Z] 976288e5fb3f: Waiting
[2026-10-05T09:49:19.290Z] 34680a8ff287: Waiting
[2026-10-05T09:49:19.290Z] ddbd490974b0: Waiting
[2026-10-05T09:49:19.290Z] 5e62c0470a09: Waiting
[2026-10-05T09:49:19.290Z] 8c870c89241a: Waiting
[2026-10-05T09:49:19.290Z] 52563780bb9b: Layer already exists
[2026-10-05T09:49:19.290Z] 6b37362b3da7: Layer already exists
[2026-10-05T09:49:19.290Z] 976288e5fb3f: Layer already exists
[2026-10-05T09:49:19.290Z] 34680a8ff287: Waiting
[2026-10-05T09:49:19.290Z] ddbd490974b0: Layer already exists
[2026-10-05T09:49:19.290Z] 5e62c0470a09: Layer already exists
[2026-10-05T09:49:19.290Z] 8c870c89241a: Layer already exists
[2026-10-05T09:49:19.290Z] 68a0f4586b3f: Waiting
[2026-10-05T09:49:19.290Z] a510a9ea6d60: Layer already exists
[2026-10-05T09:49:19.290Z] e360d85fdc0f: Layer already exists
[2026-10-05T09:49:19.290Z] 68a0f4586b3f: Waiting
[2026-10-05T09:49:19.290Z] 34680a8ff287: Waiting
[2026-10-05T09:49:19.290Z] 34680a8ff287: Waiting
[2026-10-05T09:49:19.290Z] 68a0f4586b3f: Waiting
[2026-10-05T09:49:19.290Z] 34680a8ff287: Already exists
[2026-10-05T09:49:19.290Z] 68a0f4586b3f: Layer already exists
[2026-10-05T09:49:19.541Z] build-13: digest: sha256:68f32fde063236b12df13197ba7fda6aa515efcf60ca3aa59a1dc092d1eaac45 size: 856
[2026-10-05T09:49:19.541Z] + echo ==> ECR image details:
[2026-10-05T09:49:19.541Z] ==> ECR image details:
[2026-10-05T09:49:19.541Z] + aws ecr describe-images --repository-name jenkinsforge --region us-east-1 --image-ids imageTag=7e9e0a7 --query imageDetails[0].{Digest:imageDigest,Pushed:imagePushedAt,SizeBytes:imageSizeInBytes} --output table
[2026-10-05T09:49:21.404Z] ------------------------------------------------------------------------------------------
[2026-10-05T09:49:21.404Z] |                                     DescribeImages                                     |
[2026-10-05T09:49:21.404Z] +-----------+----------------------------------------------------------------------------+
[2026-10-05T09:49:21.404Z] |  Digest   |  sha256:68f32fde063236b12df13197ba7fda6aa515efcf60ca3aa59a1dc092d1eaac45   |
[2026-10-05T09:49:21.404Z] |  Pushed   |  2026-10-05T09:49:16.248000+00:00                                          |
[2026-10-05T09:49:21.404Z] |  SizeBytes|  58298565                                                                  |
[2026-10-05T09:49:21.404Z] +-----------+----------------------------------------------------------------------------+
[2026-10-05T09:49:21.404Z] + aws ecr describe-images --repository-name jenkinsforge --region us-east-1 --image-ids imageTag=7e9e0a7 --query imageDetails[0].imageDigest --output text
[2026-10-05T09:49:23.268Z] + echo ✓ Push to ECR PASSED
[2026-10-05T09:49:23.268Z] ✓ Push to ECR PASSED
[Pipeline] script
[Pipeline] {
[Pipeline] readFile
[Pipeline] }
[Pipeline] // script
[Pipeline] }
[Pipeline] // withCredentials
[Pipeline] }
[Pipeline] // stage
[Pipeline] stage
[Pipeline] { (Sign Image)
[Pipeline] withCredentials
[2026-10-05T09:49:23.729Z] Masking supported pattern matches of $COSIGN_PASSWORD
[Pipeline] {
[Pipeline] withCredentials
[2026-10-05T09:49:23.843Z] Masking supported pattern matches of $COSIGN_KEY
[Pipeline] {
[Pipeline] sh
[2026-10-05T09:49:24.132Z] + echo ==> Cosign: signing ****/jenkinsforge@sha256:68f32fde063236b12df13197ba7fda6aa515efcf60ca3aa59a1dc092d1eaac45...
[2026-10-05T09:49:24.132Z] ==> Cosign: signing ****/jenkinsforge@sha256:68f32fde063236b12df13197ba7fda6aa515efcf60ca3aa59a1dc092d1eaac45...
[2026-10-05T09:49:24.132Z] + cosign sign --yes --key **** ****/jenkinsforge@sha256:68f32fde063236b12df13197ba7fda6aa515efcf60ca3aa59a1dc092d1eaac45
[2026-10-05T09:49:25.995Z] 
[2026-10-05T09:49:25.995Z] 	The sigstore service, hosted by sigstore a Series of LF Projects, LLC, is provided pursuant to the Hosted Project Tools Terms of Use, available at https://lfprojects.org/policies/hosted-project-tools-terms-of-use/.
[2026-10-05T09:49:25.995Z] 	Note that if your submission includes personal data associated with this signed artifact, it will be part of an immutable record.
[2026-10-05T09:49:25.995Z] 	This may include the email address associated with the account with which you authenticate your contractual Agreement.
[2026-10-05T09:49:25.995Z] 	This information will be used for signing this artifact and will be stored in public transparency logs and cannot be removed later, and is subject to the Immutable Record notice at https://lfprojects.org/policies/hosted-project-tools-immutable-records/.
[2026-10-05T09:49:25.995Z] 
[2026-10-05T09:49:25.995Z] By typing 'y', you attest that (1) you are not submitting the personal data of any other person; and (2) you understand and agree to the statement and the Agreement terms at the URLs listed above.
[2026-10-05T09:49:27.859Z] tlog entry created with index: 3085698135
[2026-10-05T09:49:27.859Z] Pushing signature to: ****/jenkinsforge
[2026-10-05T09:49:31.985Z] + echo ==> Cosign: verifying signature against the public key...
[2026-10-05T09:49:31.985Z] ==> Cosign: verifying signature against the public key...
[2026-10-05T09:49:31.985Z] + cosign public-key --key ****
[2026-10-05T09:49:31.985Z] + cosign verify --key reports/cosign.pub ****/jenkinsforge@sha256:68f32fde063236b12df13197ba7fda6aa515efcf60ca3aa59a1dc092d1eaac45
[2026-10-05T09:49:38.469Z] 
[2026-10-05T09:49:38.469Z] Verification for ****/jenkinsforge@sha256:68f32fde063236b12df13197ba7fda6aa515efcf60ca3aa59a1dc092d1eaac45 --
[2026-10-05T09:49:38.469Z] The following checks were performed on each of these signatures:
[2026-10-05T09:49:38.469Z]   - The cosign claims were validated
[2026-10-05T09:49:38.469Z]   - Existence of the claims in the transparency log was verified offline
[2026-10-05T09:49:38.469Z]   - The signatures were verified against the specified public key
[2026-10-05T09:49:38.469Z] + cat reports/cosign-verify.json
[2026-10-05T09:49:38.469Z] 
[2026-10-05T09:49:38.469Z] [{"critical":{"identity":{"docker-reference":"****/jenkinsforge"},"image":{"docker-manifest-digest":"sha256:68f32fde063236b12df13197ba7fda6aa515efcf60ca3aa59a1dc092d1eaac45"},"type":"cosign container image signature"},"optional":{"Bundle":{"SignedEntryTimestamp":"MEUCIHVY5ehB+Nh7EMMRfsKU7k+4FVz14THH1Mfjf4vbdkLeAiEAva7E0vrYiJbnCOdNZdijmS1Mr+PJWJA0FcUAUQEJ0LE=","Payload":{"body":"eyJhcGlWZXJzaW9uIjoiMC4wLjEiLCJraW5kIjoiaGFzaGVkcmVrb3JkIiwic3BlYyI6eyJkYXRhIjp7Imhhc2giOnsiYWxnb3JpdGhtIjoic2hhMjU2IiwidmFsdWUiOiJkZjJlMTViMjllMzFkNjc1NWVhYjk3ZjZhMzJiMTZmMTM4ZGE0MGI5ZTBhYjRlNGU4MTY2NTRjN2M0YjZlOWRlIn19LCJzaWduYXR1cmUiOnsiY29udGVudCI6Ik1FVUNJQ0M3MVpic1RMRVRHU2VIYmlENkcvQ2lCRlB2bWwxQ25FcFJWRndkclArYkFpRUFoYy90c2tvZmJvQWgzR1ZWOEpxdE5SUExpNm93cS9pSHpQUGkwSERDcEFRPSIsInB1YmxpY0tleSI6eyJjb250ZW50IjoiTFMwdExTMUNSVWRKVGlCUVZVSk1TVU1nUzBWWkxTMHRMUzBLVFVacmQwVjNXVWhMYjFwSmVtb3dRMEZSV1VsTGIxcEplbW93UkVGUlkwUlJaMEZGV1ZCMmRFNVRNM05JWlVZNFpEZDBhSEZVUlZacWFXczVNVmt2VHdwVWFFbDZhRWhTTkRoSGVWcExWazlYT1ZRd1FWUjVibUZpYW1Wa1JHOVlUMWRGVVVKcE9HOVlWemhIY2pOVlNuUk1iRlZ2TXpOSGNHSkJQVDBLTFMwdExTMUZUa1FnVUZWQ1RFbERJRXRGV1MwdExTMHRDZz09In19fX0=","integratedTime":1791193766,"logIndex":3085698135,"logID":"c0d23d6ad406973f9559f3ba2d1ca01f84147d8ffc5b8445c224f98b9591801d"}}}}]
[2026-10-05T09:49:38.469Z] + echo ✓ Image signed and signature verified
[2026-10-05T09:49:38.470Z] ✓ Image signed and signature verified
[Pipeline] }
[Pipeline] // withCredentials
[Pipeline] }
[Pipeline] // withCredentials
[Pipeline] }
[Pipeline] // stage
[Pipeline] stage
[Pipeline] { (Deploy)
[Pipeline] withCredentials
[2026-10-05T09:49:38.946Z] Masking supported pattern matches of $AWS_ACCESS_KEY_ID or $AWS_SECRET_ACCESS_KEY
[Pipeline] {
[Pipeline] withCredentials
[2026-10-05T09:49:39.081Z] Masking supported pattern matches of $SSH_KEY
[Pipeline] {
[Pipeline] sh
[2026-10-05T09:49:39.392Z] + echo ==> Deploying ****/jenkinsforge@sha256:68f32fde063236b12df13197ba7fda6aa515efcf60ca3aa59a1dc092d1eaac45 to ****...
[2026-10-05T09:49:39.392Z] ==> Deploying ****/jenkinsforge@sha256:68f32fde063236b12df13197ba7fda6aa515efcf60ca3aa59a1dc092d1eaac45 to ****...
[2026-10-05T09:49:39.392Z] + aws ecr get-login-password --region us-east-1
[2026-10-05T09:49:39.392Z] + remote docker login --username AWS --password-stdin ****
[2026-10-05T09:49:39.392Z] + ssh -i **** -o StrictHostKeyChecking=no -o UserKnownHostsFile=/dev/null -o LogLevel=ERROR -o ConnectTimeout=30 deploy@**** docker login --username AWS --password-stdin ****
[2026-10-05T09:49:44.591Z] WARNING! Your password will be stored unencrypted in /home/deploy/.docker/config.json.
[2026-10-05T09:49:44.591Z] Configure a credential helper to remove this warning. See
[2026-10-05T09:49:44.591Z] https://docs.docker.com/engine/reference/commandline/login/#credential-stores
[2026-10-05T09:49:44.591Z] 
[2026-10-05T09:49:44.591Z] Login Succeeded
[2026-10-05T09:49:44.591Z] + remote set -e
[2026-10-05T09:49:44.591Z]                             docker pull ****/jenkinsforge@sha256:68f32fde063236b12df13197ba7fda6aa515efcf60ca3aa59a1dc092d1eaac45
[2026-10-05T09:49:44.591Z]                             docker rm -f jenkinsforge >/dev/null 2>&1 || true
[2026-10-05T09:49:44.591Z]                             docker run -d --name jenkinsforge --restart unless-stopped                                 -p 8000:8000                                 -e APP_VERSION=7e9e0a7                                 -l deploy.build=13                                 -l deploy.commit=7e9e0a744dbc05ca41179db9f87bd74da073ed79                                 ****/jenkinsforge@sha256:68f32fde063236b12df13197ba7fda6aa515efcf60ca3aa59a1dc092d1eaac45
[2026-10-05T09:49:44.591Z]                             docker ps --filter name=jenkinsforge
[2026-10-05T09:49:44.591Z]                             echo Deployment complete on $(hostname)
[2026-10-05T09:49:44.592Z] + ssh -i **** -o StrictHostKeyChecking=no -o UserKnownHostsFile=/dev/null -o LogLevel=ERROR -o ConnectTimeout=30 deploy@**** set -e
[2026-10-05T09:49:44.592Z]                             docker pull ****/jenkinsforge@sha256:68f32fde063236b12df13197ba7fda6aa515efcf60ca3aa59a1dc092d1eaac45
[2026-10-05T09:49:44.592Z]                             docker rm -f jenkinsforge >/dev/null 2>&1 || true
[2026-10-05T09:49:44.592Z]                             docker run -d --name jenkinsforge --restart unless-stopped                                 -p 8000:8000                                 -e APP_VERSION=7e9e0a7                                 -l deploy.build=13                                 -l deploy.commit=7e9e0a744dbc05ca41179db9f87bd74da073ed79                                 ****/jenkinsforge@sha256:68f32fde063236b12df13197ba7fda6aa515efcf60ca3aa59a1dc092d1eaac45
[2026-10-05T09:49:44.592Z]                             docker ps --filter name=jenkinsforge
[2026-10-05T09:49:44.592Z]                             echo Deployment complete on $(hostname)
[2026-10-05T09:49:47.823Z] ****/jenkinsforge@sha256:68f32fde063236b12df13197ba7fda6aa515efcf60ca3aa59a1dc092d1eaac45: Pulling from jenkinsforge
[2026-10-05T09:49:49.168Z] 6b37362b3da7: Pulling fs layer
[2026-10-05T09:49:49.168Z] a510a9ea6d60: Pulling fs layer
[2026-10-05T09:49:49.168Z] e360d85fdc0f: Pulling fs layer
[2026-10-05T09:49:49.168Z] 5e62c0470a09: Pulling fs layer
[2026-10-05T09:49:49.168Z] 52563780bb9b: Pulling fs layer
[2026-10-05T09:49:49.168Z] 8c870c89241a: Pulling fs layer
[2026-10-05T09:49:49.168Z] 68a0f4586b3f: Pulling fs layer
[2026-10-05T09:49:49.168Z] 976288e5fb3f: Pulling fs layer
[2026-10-05T09:49:49.168Z] 52563780bb9b: Waiting
[2026-10-05T09:49:49.168Z] ddbd490974b0: Pulling fs layer
[2026-10-05T09:49:49.168Z] 8c870c89241a: Waiting
[2026-10-05T09:49:49.168Z] 68a0f4586b3f: Waiting
[2026-10-05T09:49:49.168Z] 976288e5fb3f: Waiting
[2026-10-05T09:49:49.168Z] ddbd490974b0: Waiting
[2026-10-05T09:49:49.168Z] 5e62c0470a09: Waiting
[2026-10-05T09:50:03.937Z] a510a9ea6d60: Verifying Checksum
[2026-10-05T09:50:03.937Z] a510a9ea6d60: Download complete
[2026-10-05T09:50:04.850Z] 5e62c0470a09: Verifying Checksum
[2026-10-05T09:50:04.850Z] 5e62c0470a09: Download complete
[2026-10-05T09:50:07.335Z] 52563780bb9b: Download complete
[2026-10-05T09:50:09.820Z] 8c870c89241a: Verifying Checksum
[2026-10-05T09:50:09.820Z] 8c870c89241a: Download complete
[2026-10-05T09:50:41.754Z] e360d85fdc0f: Download complete
[2026-10-05T09:50:42.667Z] 976288e5fb3f: Verifying Checksum
[2026-10-05T09:50:42.667Z] 976288e5fb3f: Download complete
[2026-10-05T09:50:45.898Z] ddbd490974b0: Verifying Checksum
[2026-10-05T09:50:45.898Z] ddbd490974b0: Download complete
[2026-10-05T09:51:07.702Z] 68a0f4586b3f: Verifying Checksum
[2026-10-05T09:51:07.702Z] 68a0f4586b3f: Download complete
[2026-10-05T09:51:07.702Z] 6b37362b3da7: Verifying Checksum
[2026-10-05T09:51:07.702Z] 6b37362b3da7: Download complete
[2026-10-05T09:51:09.046Z] 6b37362b3da7: Pull complete
[2026-10-05T09:51:09.046Z] a510a9ea6d60: Pull complete
[2026-10-05T09:51:10.909Z] e360d85fdc0f: Pull complete
[2026-10-05T09:51:10.909Z] 5e62c0470a09: Pull complete
[2026-10-05T09:51:10.909Z] 52563780bb9b: Pull complete
[2026-10-05T09:51:10.909Z] 8c870c89241a: Pull complete
[2026-10-05T09:51:11.821Z] 68a0f4586b3f: Pull complete
[2026-10-05T09:51:11.821Z] 976288e5fb3f: Pull complete
[2026-10-05T09:51:11.821Z] ddbd490974b0: Pull complete
[2026-10-05T09:51:11.821Z] Digest: sha256:68f32fde063236b12df13197ba7fda6aa515efcf60ca3aa59a1dc092d1eaac45
[2026-10-05T09:51:11.821Z] Status: Downloaded newer image for ****/jenkinsforge@sha256:68f32fde063236b12df13197ba7fda6aa515efcf60ca3aa59a1dc092d1eaac45
[2026-10-05T09:51:11.821Z] ****/jenkinsforge@sha256:68f32fde063236b12df13197ba7fda6aa515efcf60ca3aa59a1dc092d1eaac45
[2026-10-05T09:51:12.372Z] 5638aea4473992b0a574f9ae6eb10c904bfea29a7368e08749be1a3156aeeeff
[2026-10-05T09:51:12.924Z] CONTAINER ID   IMAGE                                                       COMMAND                  CREATED        STATUS                                     PORTS                                       NAMES
[2026-10-05T09:51:12.924Z] 5638aea44739   ****/jenkinsforge   "python -m uvicorn s…"   1 second ago   Up Less than a second (health: starting)   0.0.0.0:8000->8000/tcp, :::8000->8000/tcp   jenkinsforge
[2026-10-05T09:51:12.924Z] Deployment complete on ****
[2026-10-05T09:51:12.924Z] + echo ✓ Deploy PASSED
[2026-10-05T09:51:12.924Z] ✓ Deploy PASSED
[Pipeline] }
[Pipeline] // withCredentials
[Pipeline] }
[Pipeline] // withCredentials
[Pipeline] }
[Pipeline] // stage
[Pipeline] stage
[Pipeline] { (Verify)
[Pipeline] sh
[2026-10-05T09:51:13.511Z] + URL=http://****:8000/health
[2026-10-05T09:51:13.511Z] + echo ==> Health check: http://****:8000/health (retrying for up to 60 s)
[2026-10-05T09:51:13.511Z] ==> Health check: http://****:8000/health (retrying for up to 60 s)
[2026-10-05T09:51:13.511Z] + RESPONSE=
[2026-10-05T09:51:13.511Z] + seq 1 12
[2026-10-05T09:51:13.511Z] + curl -sf --connect-timeout 5 --max-time 10 http://****:8000/health
[2026-10-05T09:51:13.511Z] + RESPONSE=
[2026-10-05T09:51:13.511Z] + sleep 5
[2026-10-05T09:51:18.710Z] + curl -sf --connect-timeout 5 --max-time 10 http://****:8000/health
[2026-10-05T09:51:18.710Z] + RESPONSE={"service":"jenkinsforge","version":"7e9e0a7","status":"healthy"}
[2026-10-05T09:51:18.710Z] + break
[2026-10-05T09:51:18.710Z] + [ -z {"service":"jenkinsforge","version":"7e9e0a7","status":"healthy"} ]
[2026-10-05T09:51:18.710Z] + echo Health response: {"service":"jenkinsforge","version":"7e9e0a7","status":"healthy"}
[2026-10-05T09:51:18.710Z] Health response: {"service":"jenkinsforge","version":"7e9e0a7","status":"healthy"}
[2026-10-05T09:51:18.710Z] + RESPONSE={"service":"jenkinsforge","version":"7e9e0a7","status":"healthy"} python3 -
[2026-10-05T09:51:18.710Z]   service: jenkinsforge
[2026-10-05T09:51:18.710Z]   version: 7e9e0a7
[2026-10-05T09:51:18.710Z]   status:  healthy
[2026-10-05T09:51:18.710Z] + echo 
[2026-10-05T09:51:18.710Z] 
[2026-10-05T09:51:18.710Z] + echo ✓ Verify PASSED
[2026-10-05T09:51:18.710Z] ✓ Verify PASSED
[2026-10-05T09:51:18.710Z] + echo   Image:  ****/jenkinsforge@sha256:68f32fde063236b12df13197ba7fda6aa515efcf60ca3aa59a1dc092d1eaac45
[2026-10-05T09:51:18.710Z]   Image:  ****/jenkinsforge@sha256:68f32fde063236b12df13197ba7fda6aa515efcf60ca3aa59a1dc092d1eaac45
[2026-10-05T09:51:18.710Z] + echo   Build:  13
[2026-10-05T09:51:18.710Z]   Build:  13
[2026-10-05T09:51:18.710Z] + echo   Commit: 7e9e0a744dbc05ca41179db9f87bd74da073ed79
[2026-10-05T09:51:18.710Z]   Commit: 7e9e0a744dbc05ca41179db9f87bd74da073ed79
[2026-10-05T09:51:18.710Z] + echo   Host:   ****
[2026-10-05T09:51:18.710Z]   Host:   ****
Post stage
[Pipeline] echo
[2026-10-05T09:51:18.764Z] ✓ Deployed image verified and healthy
[Pipeline] }
[Pipeline] // stage
[Pipeline] stage
[Pipeline] { (Declarative: Post Actions)
[Pipeline] sh
[2026-10-05T09:51:19.223Z] + docker rmi ****/jenkinsforge:7e9e0a7 ****/jenkinsforge:build-13
[2026-10-05T09:51:19.223Z] + docker logout ****
[Pipeline] archiveArtifacts
[2026-10-05T09:51:19.278Z] Archiving artifacts
[Pipeline] echo
[2026-10-05T09:51:19.344Z] 
[2026-10-05T09:51:19.344Z] ╔══════════════════════════════════════╗
[2026-10-05T09:51:19.344Z] ║      JenkinsForge Pipeline End       ║
[2026-10-05T09:51:19.344Z] ╠══════════════════════════════════════╣
[2026-10-05T09:51:19.344Z] ║ Build:    13
[2026-10-05T09:51:19.344Z] ║ Branch:   unknown
[2026-10-05T09:51:19.344Z] ║ Commit:   7e9e0a7
[2026-10-05T09:51:19.344Z] ║ Result:   SUCCESS
[2026-10-05T09:51:19.344Z] ║ Duration: 8 min 24 sec and counting
[2026-10-05T09:51:19.344Z] ╚══════════════════════════════════════╝
[2026-10-05T09:51:19.344Z] 
[Pipeline] echo
[2026-10-05T09:51:19.382Z] Pipeline SUCCEEDED
[Pipeline] cleanWs
[2026-10-05T09:51:19.441Z] [WS-CLEANUP] Deleting project workspace...
[2026-10-05T09:51:19.441Z] [WS-CLEANUP] Deferred wipeout is used...
[2026-10-05T09:51:19.447Z] [WS-CLEANUP] done
[Pipeline] }
[Pipeline] // stage
[Pipeline] }
[Pipeline] // timeout
[Pipeline] }
[Pipeline] // timestamps
[Pipeline] }
[Pipeline] // withEnv
[Pipeline] }
[Pipeline] // withCredentials
[Pipeline] }
[Pipeline] // withEnv
[Pipeline] }
[Pipeline] // node
[Pipeline] End of Pipeline
Finished: SUCCESS
